English,French
7/93 of 1 March 1993.,7/93 du 1er mars 1993.
6 Declaration of rectification no.,6 Déclaration de rectification no.
9/2001 of 13 March 2001 republished Law no.,9/2001 du 13 mars 2001 Loi republiée n°
3/2001 of 23 February,3/2001 du 23 février
2001 in its entirety.,2001 dans son intégralité.
7 Article 2 of Law no.,7 Article 2 de la loi n°
44/2006 of 25 August 2006 states that: the present Law shall enter into force on,"le 25 août 2006, la loi 44/2006 stipule que : la présente loi entrera en vigueur le"
The first day of the next legislature (i.e. the first day of the 11th legislature).,Le premier jour de la prochaine législature (c'est-à-dire le premier jour de la 11e législature).
8 Article 2 of Law no.,8 de l'article 2 de la loi nº
45/2006 of 25 August 2006 states that: the present Law shall enter into force on the,25th of August 2006.
First day of the next legislature (i.e. the first day of the 11th legislature).,Premier jour de la prochaine législature (c'est-à-dire le premier jour de la 11e législature).
9 Article 5 of Law no.,9 Article 5 de la Loi n°.
43/2007 of 24 August 2007 states that: without prejudice to the provisions of,la loi 43/2007 du 24 août 2007 stipule que : sans préjudice des dispositions de
Article 2 of Law no.,L'article 2 de la Loi no.
44/2006 and of Article 2 of Law no.,44/2006 et de l'article 2 de la loi n°.
"45/2006, both of 25 August 2006, the present Law","45/2006, les deux du 25 août 2006, la présente loi"
Shall enter into force on the first day of the 3rd Legislative Session of the 10th legislature (15 September,Sera en vigueur le premier jour de la 3ème session législative de la 10ème législature (15 septembre).
2007).,2007).
10 Article 4 of Law no.,10 Article 4 de la loi n°
44/2019 of 21 June 2019 states that: the present law shall enter into force on the,21st of June 2019.
"Day following its publication, taking effect at the beginning of the 14th legislature in parallel with its regulatory resolution.","Jour suivant sa publication, entrant en vigueur au début de la 14e législature en parallèle avec sa résolution réglementaire."
"2 Article 1 nature and scope of mandate 1 – Members of the Assembly of the Republic represent the whole country, and not the constituencies for which they are elected.","Article 1 nature et portée du mandat 1 - Les membres de l'Assemblée de la République représentent l'ensemble du pays, et non les circonscriptions pour lesquelles ils sont élus."
"2 – Members of the Assembly of the Republic all possess the same status and all enjoy and are subject to the same rights and duties, without prejudice to specific conditions applicable to the","2 - Les membres de l'Assemblée de la République ont tous le même statut et jouissent tous des mêmes droits et devoirs, sans préjudice des conditions spécifiques applicables aux"
Exercise and fulfilment thereof and the regime governing the different parliamentary functions,Exercice et accomplissement de celui-ci et le régime régissant les différentes fonctions parlementaires
"They perform, as laid down by law.","Ils exécutent, tel que prescrit par la loi."
Article 2 beginning and end of term of office,Article 2 début et fin du mandat
"1 – The term of office of Members of the Assembly of the Republic begins upon the first sitting of the Assembly following elections thereto and ends upon the first sitting following the subsequent elections thereto, without prejudice to the suspension or termination of any","1 - Le mandat des membres de l'Assemblée de la République commence lors de la première séance de l'Assemblée suivant les élections et se termine lors de la première séance suivant les élections suivantes, sans préjudice de la suspension ou de la résiliation de toute"
Individual term of office.,Mandat individuel.
2 – The filling of vacancies which arise in the Assembly of the Republic shall be regulated by electoral law.,2 - Le remplissage des postes vacants qui se produisent à l'Assemblée de la République sera réglementé par la loi électorale.
Article 3 verification of credentials,Vérification des références de l'article 3
"The Assembly of the Republic shall verify Members' credentials, in accordance with the respective Rules of Procedure.","L'Assemblée de la République vérifiera les pouvoirs des députés, conformément aux règles de procédure respectives."
Article 4,Article 4
Suspension of term of office,Suspension du mandat en cours
1 – The following shall cause a term of office to be suspended:,1 - Ce qui suit entraînera la suspension d'un mandat :
A) Approval of a request for temporary substitution when there are important grounds,Approbation d'une demande de substitution temporaire en cas de motifs importants
"For it, in accordance with Article 5;","Pour cela, conformément à l'article 5;"
"B) Criminal proceedings, as laid down in Article 11 (3);","Procédures pénales, telles que prévues à l'article 11 (3);"
"C) occurrence of the situations referred to in Article 20 (1) (a), except for the President of","C) survenance des situations visées à l'article 20 (1) (a), à l'exception du Président de"
"The Republic, and in Article 20 (1) (d), (e), (f), (g), (h) and (l).","La République, et à l'article 20 (1) (d), (e), (f), (g), (h) et (l)."
"2 – In the cases provided for in Article 20 (1) (g), the suspension of the term of office set out in","l'article 20 (1) (g), la suspension du mandat prévu"
"The previous paragraph is only admissible immediately after the verification of credentials by the Assembly of the Republic, or at the moment at which the Member is installed in the","Le paragraphe précédent n'est admissible qu'après vérification des titres par l'Assemblée de la République, ou au moment où le membre est installé dans le"
"Respective local authority position, and may not occur for more than a single period of up to","Position respective de l'autorité locale, et ne peut pas se produire pour plus d'une seule période allant jusqu'à"
180 days.,180 jours.
Article 5 temporary substitution on important grounds,Article 5 substitution temporaire pour des motifs importants
"1 – When there are important grounds for doing so, Members of the Assembly of the Republic may ask the President of the Assembly to substitute them once or more than once during the course of the legislature.","1 - Lorsqu'il existe des raisons importantes de le faire, les membres de l'Assemblée de la République peuvent demander au président de l'Assemblée de les remplacer une ou plusieurs fois au cours de la législature."
2 – Important grounds shall mean: a) Serious illness that involves being unable to exercise the functions of Member of the,2 - Les motifs importants signifient: a) Une maladie grave qui empêche d'exercer les fonctions de membre du
Assembly of the Republic for a period of not less than thirty and not more than one,Assemblée de la République pour une période de trente jours au moins et d'un an au plus
Hundred and eighty days; b) The taking of maternity or paternity leave;,Cent quatre-vingts jours; b) La prise de congé de maternité ou de paternité;
"3 C) The need to ensure the furtherance of proceedings, in accordance with Article 11 (3).","3 C) La nécessité de garantir la poursuite des procédures, conformément à l'article 11 (3)."
"3 – The request for substitution shall be submitted either directly by the Member of the assembly of the Republic himself, or via the leadership of his parliamentary group, in which case it shall be accompanied by a declaration of consent by the Member who is to be substituted.","3 - La demande de substitution doit être soumise soit directement par le membre de l'assemblée de la République lui-même, soit par l'intermédiaire de la direction de son groupe parlementaire, auquel cas elle doit être accompagnée d'une déclaration de consentement du membre qui doit être remplacé."
"4 – When based on the grounds set out in paragraph (2) (a) or (b), the temporary substitution of a Member of the Assembly of the Republic shall not cause the processing of his remuneration to cease or any loss of length of service.","4 - Lorsqu'elle est fondée sur les motifs énoncés au paragraphe (2) (a) ou (b), la substitution temporaire d'un membre de l'Assemblée de la République n'entraînera pas l'interruption du traitement de sa rémunération ou de la perte d'ancienneté."
Article 6,Article 6
End of suspension,Fin de suspension
1 – The suspension of a term of office shall cease:,1 - La suspension d'un mandat prendra fin:
"A) In the case of Article 4 (1) (a), upon the end of the period of substitution, or upon the","A) Dans le cas de l'article 4 (1) (a), à la fin de la période de substitution, ou à la"
Member of the Assembly of the Republic's early return as directly notified to the,"Membre de l'Assemblée de la République, le retour anticipé est directement notifié au"
President of the Assembly by the Member or the leadership of the parliamentary group to which he belongs;,Président de l'Assemblée par le membre ou le leadership du groupe parlementaire auquel il appartient;
"B) In the case of Article 4 (1) (b), upon the issue of a judicial decision absolving the","B) Dans le cas de l'article 4 (1) (b), après l'émission d'une décision judiciaire absolvant"
"Member of the Assembly of the Republic or equivalent, or upon completion of the","Membre de l'Assemblée de la République ou équivalent, ou à la fin de"
"Sentence; C) In the case of Article 4 (1) (c), upon the cessation of the function that is incompatible with that of Member of the Assembly of the Republic.","En ce qui concerne l'article 4 (1) (c), dès la cessation de la fonction incompatible avec celle de membre de l'Assemblée de la République."
2 – All the powers possessed by the last Member of the Assembly of the Republic from the respective electoral list to have exercised the mandate on the date on which the original,2 - Tous les pouvoirs détenus par le dernier membre de l'Assemblée de la République de la liste électorale respective ayant exercé le mandat à la date à laquelle l'original
Member resumes the exercise of his mandate shall automatically cease on that date.,Le membre reprend l'exercice de son mandat cessera automatiquement à cette date.
"3 – Without prejudice to the provisions of Article 11 (3) (b), no Member of the Assembly of the","3 - Sans préjudice des dispositions de l'article 11 (3) (b), aucun membre de l'Assemblée de"
Republic may return before the end of the fifty days provided for in Article 5 (5).,La République peut revenir avant la fin des cinquante jours prévus à l'article 5 (5).
Article 7 resignation of seat,Article 7 démission de siège
1 – Members of the Assembly of the Republic may resign their seat by means of a written,1 - Les membres de l'Assemblée de la République peuvent démissionner de leur siège par le biais d'une démission écrite
"Declaration, which shall be submitted to the President of the Assembly either in person, or bearing a notarised signature.","Déclaration, qui doit être soumise au Président de l'Assemblée soit en personne, soit portant une signature notariée."
2 – No resignation request shall be processed until the leader of the respective parliamentary,2 - Aucune demande de démission ne sera traitée tant que le chef du parti parlementaire respectif ne l'aura pas approuvée.
"Group, when one exists, has first been notified of it.","Le groupe, lorsqu'il existe, en a d'abord été informé."
3 – Without prejudice to their subsequent publication in the Journal of the Assembly of the,3 - Sans préjudice de leur publication ultérieure dans le Journal de l'Assemblée de
"Republic, resignations shall take effect when the Bureau announces them to the Plenary.","République, les démissions prendront effet lorsque le Bureau les annoncera à la Plénière."
Article 8,Article 8
Loss of seat 1 – Members of the Assembly of the Republic shall lose their seat when:,Perte du siège 1 - Les membres de l'Assemblée de la République perdront leur siège lorsque:
A) They become subject to any of the disqualifications or incompatibilities provided for,Ils deviennent sujets à l'une des disqualifications ou incompatibilités prévues.
"By law, even when due to facts that arose prior to their election; and the Assembly of","Par la loi, même en cas de faits survenus avant leur élection; et l'Assemblée de"
The Republic may not reassess facts which have been the object of a judicial ruling that has already transited in rem judicatam or of an earlier decision by the Assembly itself;,La République ne peut pas réévaluer les faits qui ont fait l'objet d'une décision judiciaire ayant déjà transité en chose jugée ou d'une décision antérieure de l'Assemblée elle-même.
"4 b) They do not take up their seat in the Assembly of the Republic, or they exceed the permitted number of failures to attend, except for reasons that are justified under the terms of paragraph (2) and in accordance with the Rules of Procedure; C) They register as members of a political party other than that for which they stood for election; d) They are judicially convicted of participating in organisations that possess a racist or fascist ideology.","4 b) Ils ne prennent pas leur siège à l'Assemblée de la République, ou ils dépassent le nombre autorisé de manquements à la présence, sauf pour des raisons justifiées dans les termes du paragraphe (2) et conformément au Règlement intérieur; c) Ils s'inscrivent comme membres d'un parti politique autre que celui pour lequel ils se sont présentés aux élections; d) Ils sont condamnés judiciairement pour avoir participé à des organisations possédant une idéologie raciste ou fasciste."
"2 – Illness, marriage, maternity or paternity, mourning, force majeure, parliamentary missions or work, and political work or work pertaining to the political party to which the Member of the assembly of the Republic in question belongs, as well as participation in parliamentary activities, in accordance with the Rules of Procedure, shall be deemed justified reasons.","2 - Maladie, mariage, maternité ou paternité, deuil, force majeure, missions parlementaires ou travail, et travail politique ou travail lié au parti politique auquel le membre de l'assemblée de la République en question appartient, ainsi que la participation aux activités parlementaires, conformément au Règlement intérieur, seront considérés comme des raisons justifiées."
3 – Any Member of the Assembly of the Republic who is present at a sitting or meeting and invokes duly substantiated reasons of conscience shall be deemed justified in not taking part in voting.,3 - Tout membre de l'Assemblée de la République qui est présent lors d'une séance ou d'une réunion et invoque des raisons de conscience dûment motivées sera réputé justifié de ne pas participer au vote.
4 – Transport difficulties may be deemed justification for failures to attend in exceptional cases.,4 - Les difficultés de transport peuvent être considérées comme justifiant les absences dans des cas exceptionnels.
5 – In the applicable cases set out in Article 20 and if the Member of the Assembly of the Republic,5 - Dans les cas applicables prévus à l'article 20 et si le membre de l'Assemblée de la République
"In question does not comply with the provisions of Article 21 (7), failure to suspend his term of office in accordance with Article 4 shall cause the loss of his seat in accordance with Article","En cas de non-respect des dispositions de l'article 21 (7), le fait de ne pas suspendre son mandat conformément à l'article 4 entraînera la perte de son siège conformément à l'article."
160 (1) (a) of the Constitution.,160 (1) (a) de la Constitution.
The loss of seat shall be declared following verification by the,La perte de siège doit être déclarée après vérification par le
"Assembly of the Republic, in accordance with the Rules of Procedure.","Assemblée de la République, conformément au Règlement intérieur."
Article 9 substitution of Members of the Assembly of the Republic,Article 9 substitution des membres de l'Assemblée de la République
"1 – In cases in which a Member of the Assembly of the Republic's seat falls vacant or his term of office is suspended, he shall be substituted by the candidate who occupied the highest position","1 - Dans les cas où le siège d'un membre de l'Assemblée de la République devient vacant ou que son mandat est suspendu, il sera remplacé par le candidat ayant occupé la position la plus élevée."
On the same electoral list and was not elected.,Sur la même liste électorale et n'a pas été élu.
"2 – In the event that the candidate who is called upon to take up the functions of Member of the Assembly of the Republic is temporarily unable to do so, the candidate who occupied the","2 - Dans le cas où le candidat appelé à exercer les fonctions de membre de l'Assemblée de la République est temporairement incapable de le faire, le candidat qui occupait le"
Next ‐ highest position on the same electoral list shall take over his position.,Le candidat suivant sur la même liste électorale prendra sa place.
"3 – Once the inability has ended, the candidate shall once again take up his original position on the list for the purpose of future substitutions.","3 - Une fois que l'incapacité a pris fin, le candidat reprendra sa position d'origine sur la liste dans le but de futures substitutions."
"4 – If there are no longer any unelected effective or substitute candidates on the list of the Member of the Assembly of the Republic who is to be substituted, no substitution shall take place.","4 - Si aucun candidat non élu efficace ou suppléant ne figure plus sur la liste du membre de l'Assemblée de la République qui doit être remplacé, aucune substitution n'aura lieu."
"5 – Both the substitution provided for by this Article, and the recognition of the temporary",5 - Tant la substitution prévue par cet article que la reconnaissance du temporaire
"Inability on the part of an unelected candidate and of the end thereof, shall be subject to the","Incapacité de la part d'un candidat non élu et de la fin de celui-ci, sera soumise à"
"Issue of a request by the leadership of the Member of the Assembly of the Republic's parliamentary group, when one exists, or by the candidate with the right to fill the vacant seat.","Émission d'une demande par le leadership du groupe parlementaire du membre de l'Assemblée de la République, s'il existe, ou par le candidat ayant le droit de remplir le siège vacant."
5 Chapter II immunities,5 Chapitre II immunités
Article 10 non ‐ liability members of the Assembly of the Republic are not civilly or criminally liable for or subject to disciplinary sanctions in relation to their votes or the opinions they express in the exercise of,"Article 10: les membres de l'Assemblée de la République ne sont pas responsables civilement ou pénalement, ni soumis à des sanctions disciplinaires concernant leurs votes ou les opinions qu'ils expriment dans l'exercice de leurs fonctions."
Their functions or because of them.,Leurs fonctions ou à cause d'eux.
Article 11 inviolability,Article 11 inviolabilité
"1 – No Member of the Assembly of the Republic may be detained, arrested or imprisoned","1 - Aucun membre de l'Assemblée de la République ne peut être détenu, arrêté ou emprisonné."
"Without the Assembly's authorisation, save for a wilful crime which is punishable by imprisonment for a maximum term of more than three years and in flagrante delicto.","Sans l'autorisation de l'Assemblée, sauf pour un crime intentionnel passible d'une peine d'emprisonnement maximale de plus de trois ans et commis en flagrant délit."
2 – Members of the Assembly of the Republic may not be heard as makers of declarations or,2 - Les membres de l'Assemblée de la République ne peuvent pas être entendus en tant que auteurs de déclarations ou
Official suspects without the Assembly's authorisation.,Suspects officiels sans l'autorisation de l'Assemblée.
In the event of the existence of strong,Dans le cas de l'existence de forts
Indications of the wilful commission of a crime that is punishable by imprisonment for a,Indications de la commission délibérée d'un crime passible d'emprisonnement pour une
"Maximum term of more than three years, the Assembly shall obligatorily authorise that a Member be heard as an official suspect.","Terme maximum de plus de trois ans, l'Assemblée devra obligatoirement autoriser qu'un membre soit entendu en tant que suspect officiel."
3 – In the event that criminal proceedings are brought against a Member of the Assembly of the,3 - Dans le cas où des poursuites pénales seraient engagées contre un membre de l'Assemblée de
"Republic and he is definitively charged, the Assembly shall decide, within the time limit laid down","République et il est définitivement inculpé, l'Assemblée décidera, dans le délai imparti"
"In the Rules of Procedure, whether or not he must be suspended so that the proceedings can take their course, as follows: a) When the crime is of the type referred to in paragraph (1), suspension is obligatory;","Dans le Règlement intérieur, qu'il soit obligé ou non d'être suspendu afin que la procédure puisse suivre son cours, comme suit : a) Lorsque le crime est du type mentionné au paragraphe (1), la suspension est obligatoire."
"B) The Assembly may limit the Member of the Assembly of the Republic's suspension to the time which, under the circumstances, it deems most appropriate to both the",B) L'Assemblée peut limiter la suspension du membre de l'Assemblée de la République au temps qu'elle estime le plus approprié aux circonstances et aux deux parties.
Exercise of his mandate and the furtherance of the criminal proceedings.,Exercice de son mandat et la poursuite des procédures criminelles.
"4 – A charge shall become definitive, whereupon the procedural acts shall be pursued up until the trial hearing:","4 - Une accusation deviendra définitive, à partir de ce moment les actes de procédure seront poursuivis jusqu'à l'audience de jugement."
"A) When, in the event of the intervention of an examining judge, the latter confirms the","A) Lorsque, en cas d'intervention d'un juge d'instruction, ce dernier confirme"
"Charge brought by the Public Prosecutors' Office and the decision is not challenged or,","Accusation portée par le Parquet et la décision n'est pas contestée ou,"
"In the event of an appeal, it is maintained by the higher court;","En cas d'appel, il est maintenu par la cour supérieure."
B) Once the decision to indict has transited in rem judicatam due to facts that differ from,B) Une fois que la décision d'inculper a transité en force de chose jugée en raison de faits différents.
Those set out in the charge brought by the Public Prosecutors' Office;,Ceux mentionnés dans l'accusation portée par le bureau des procureurs publics;
"C) In the event that there are no committal proceedings, once the trial judge has issued the curative ruling;","C) Dans le cas où il n'y a pas de procédures d'engagement, une fois que le juge de première instance a émis la décision corrective;"
"D) In cases involving summary proceedings, once the Public Prosecutors' Office has","D) Dans les affaires impliquant des procédures sommaires, une fois que le bureau du procureur public a"
Requested the imposition of a sanction.,Demandé l'imposition d'une sanction.
5 – The competent judge shall submit the authorisation request referred to in the previous paragraphs in the form of a document addressed to the President of the Assembly of the,5 - Le juge compétent soumettra la demande d'autorisation mentionnée dans les paragraphes précédents sous la forme d'un document adressé au Président de l'Assemblée.
"Republic, and the request shall not lapse at the end of the legislature if the Member in question is elected for a new term of office.","République, et la demande ne sera pas caduque à la fin de la législature si le Membre en question est élu pour un nouveau mandat."
"6 – The decisions to which this Article refers shall be taken by the Plenary, which shall first hear the Member of the Assembly of the Republic involved and consider a formal written opinion","6 - Les décisions auxquelles cet article fait référence seront prises par le Plénum, qui entendra d'abord le membre de l'Assemblée de la République concerné et examinera un avis écrit formel."
From the committee with competence for the matter in question.,Du comité compétent pour la question en cours.
6 7 – The time limit for the prescription of the criminal proceedings shall be suspended when the,6 7 - Le délai de prescription de l'action publique est suspendu lorsque
Authorisation request made by the competent judge is submitted to the Assembly of the,La demande d'autorisation faite par le juge compétent est soumise à l'Assemblée de la
"Republic, in accordance with and for the purposes of Article 120 (1) (a) of the penal Code; if the","République, conformément à l'article 120 (1) (a) du Code pénal; si le"
"Assembly decides not to lift the Member's immunity, the suspension shall remain in effect for","L'Assemblée décide de ne pas lever l'immunité du membre, la suspension restera en vigueur pour"
As long as he is entitled to the prerogative.,Tant qu'il a droit à la prérogative.
Chapter III,Chapitre III
Conditions under which mandates are exercised,Les conditions dans lesquelles les mandats sont exercés
Article 12 conditions under which the function of Member of the Assembly of the Republic is exercised,Article 12 conditions dans lesquelles la fonction de membre de l'Assemblée de la République est exercée
1 – Members of the Assembly of the Republic shall exercise their mandate freely and shall be,1 - Les membres de l'Assemblée de la République exerceront leur mandat librement et seront
"Ensured the conditions appropriate to the effective exercise of their functions, particularly with regard to the indispensable contact with registered electors, and to being informed regularly.","Assuré des conditions appropriées pour l'exercice efficace de leurs fonctions, notamment en ce qui concerne le contact indispensable avec les électeurs inscrits, et en étant régulièrement informés."
"2 – Each Member of the Assembly of the Republic has the right to appropriate working conditions, particularly:","2 - Chaque membre de l'Assemblée de la République a le droit à des conditions de travail appropriées, notamment :"
A) his own individualised office at the seat of the Assembly of the Republic;,son propre bureau personnalisé au siège de l'Assemblée de la République;
"B) An individual assistant, to be recruited as laid down by law;","B) Un assistant individuel, à recruter conformément à la loi;"
C) a dedicated electronic mailbox;,C) une boîte de réception électronique dédiée;
D) An individual page on the Assembly of the Republic's website.,D) Une page individuelle sur le site web de l'Assemblée de la République.
"3 – Every public entity is subject to the general duty of cooperation with Members of the assembly of the Republic, both in the exercise of their functions and because of them.","3 - Chaque entité publique est soumise au devoir général de coopération avec les membres de l'assemblée de la République, à la fois dans l'exercice de leurs fonctions et en raison d'elles."
4 – Departments and services that belong to or are dependent on the central administration,4 - Départements et services qui appartiennent à ou dépendent de l'administration centrale
"Must furnish Members of the Assembly of the Republic with the conditions required for the exercise of their mandates, particularly by supplying such items, information and official","Il faut fournir aux membres de l'Assemblée de la République les conditions nécessaires pour l'exercice de leurs mandats, notamment en leur fournissant des articles, des informations et des documents officiels."
"Publications as are requested and, whenever possible, by providing facilities for working meetings, on condition that this does not affect the operation of the department or service itself.","Les publications sont demandées et, lorsque possible, en fournissant des installations pour des réunions de travail, à condition que cela n'affecte pas le fonctionnement du département ou du service lui-même."
"5 – When so asked by Members of the Assembly of the Republic, civil governments must provide","5 - Lorsqu'ils en sont ainsi priés par les membres de l'Assemblée de la République, les gouvernements civils doivent fournir"
Appropriate facilities that enable the Members to have direct contact with the media and with the citizens from their constituencies.,Installations appropriées permettant aux membres d'avoir un contact direct avec les médias et les citoyens de leur circonscription.
6 – In the exercise of their functions Members of the Assembly of the Republic have the right to,"6 - Dans l'exercice de leurs fonctions, les membres de l'Assemblée de la République ont le droit de"
"Use postal services and telecommunications systems free of charge, as well as to the use of the","Utilisez les services postaux et les systèmes de télécommunication gratuitement, ainsi que pour l'utilisation de la"
Parliamentary it network and other electronic information networks.,Réseau parlementaire et autres réseaux d'information électronique.
"7 – Members of the Assembly of the Republic shall be ensured the use of toll ‐ free lines,",7 - Les membres de l'Assemblée de la République auront l'assurance de pouvoir utiliser des lignes téléphoniques sans frais.
Automatic information systems and other forms of publicising their parliamentary activities and,Systèmes d'information automatiques et autres formes de publicité de leurs activités parlementaires.
"Contacting electors, both at the central level and in their constituencies.","Contacter les électeurs, à la fois au niveau central et dans leurs circonscriptions."
8 – The terms and conditions governing the use of each means of communication shall be set by the competent organs of the Assembly of the Republic.,8 - Les termes et conditions régissant l'utilisation de chaque moyen de communication seront déterminés par les organes compétents de l'Assemblée de la République.
7,7
Article 13 compensation for damages,Article 13 compensation des dommages
"1 – Members of the Assembly of the Republic who, in the exercise of their functions or because","1 - Les membres de l'Assemblée de la République qui, dans l'exercice de leurs fonctions ou parce"
"Of them, are victims of acts that imply an offence against their life, physical or moral integrity, freedom or assets have the right to fair compensation.","Parmi eux, les victimes d'actes impliquant une infraction contre leur vie, leur intégrité physique ou morale, leur liberté ou leurs biens ont le droit à une juste compensation."
2 – The facts which justify that compensation shall be the object of an inquiry to be ordered by,2 - Les faits qui justifient que la compensation fasse l'objet d'une enquête à ordonner par
"The President of the Assembly of the Republic, who shall decide whether to award the compensation and the amount thereof, save if and to the extent that the damages are covered by other means.","Le Président de l'Assemblée de la République, qui décidera s'il convient d'accorder une indemnisation et son montant, sauf si et dans la mesure où les dommages sont couverts par d'autres moyens."
Article 14 duties of Members of the Assembly of the Republic,Article 14 obligations des membres de l'Assemblée de la République
1 – Members of the Assembly of the Republic have the following duties:,1 - Les membres de l'Assemblée de la République ont les devoirs suivants:
"A) To take part in parliamentary work, and particularly to attend Plenary sittings and","A) Pour participer aux travaux parlementaires, et en particulier assister aux séances plénières et"
Meetings of the committees to which they belong;,Réunions des comités auxquels ils appartiennent;
B) To perform the offices in the Assembly and the functions that they are elected or appointed to at the proposal of the respective parliamentary groups;,B) Pour exercer les fonctions dans l'Assemblée et les fonctions pour lesquelles ils sont élus ou nommés sur proposition des groupes parlementaires respectifs;
C) To take part in voting;,C) Participer au vote;
D) To ensure the indispensable contact with registered electors;,D) Pour garantir le contact indispensable avec les électeurs inscrits;
E) To respect the dignity of the Assembly of the Republic and its Members;,E) Respecter la dignité de l'Assemblée de la République et de ses membres;
F) To comply with the Rules of Procedure of the Assembly of the Republic.,F) Se conformer au Règlement de l'Assemblée de la République.
"2 – The exercise of any other activities, when legally permissible, may not prejudice the regular","2 - L'exercice de toute autre activité, lorsque légalement permis, ne doit pas préjudicier à la régularité"
Fulfilment of the duties provided for in the previous paragraph.,Accomplissement des devoirs prévus dans le paragraphe précédent.
Article 15 rights of Members of the Assembly of the Republic,Article 15 droits des membres de l'Assemblée de la République
"1 – Members of the Assembly of the Republic's absences from official acts or procedures unrelated to the Assembly, due to Assembly sittings, meetings or missions, shall be sufficient","1 - Les absences des membres de l'Assemblée de la République des actes officiels ou des procédures non liées à l'Assemblée, en raison des séances de l'Assemblée, des réunions ou des missions, seront suffisantes."
"Reason to postpone the said acts or procedures without cost to the Members, but these grounds","Raison de reporter lesdits actes ou procédures sans frais pour les membres, mais ces motifs"
May not be invoked more than once in relation to each act or procedure.,Ne peut être invoqué plus d'une fois par rapport à chaque acte ou procédure.
2 – Members of the Assembly of the Republic who attend any officially recognised course at any level of education shall be subject to the most favourable of all the different regimes with regard,2 - Les membres de l'Assemblée de la République qui assistent à tout cours officiellement reconnu à n'importe quel niveau d'éducation seront soumis au régime le plus favorable parmi tous les différents régimes en ce qui concerne
"To classes, examinations and the taking of other academic and scientific tests that are provided","Aux cours, examens et à la passation d'autres tests académiques et scientifiques qui sont proposés"
For in relation to other situations.,Par rapport à d'autres situations.
3 – Members of the Assembly of the Republic also enjoy the following rights:,3 - Les membres de l'Assemblée de la République bénéficient également des droits suivants:
"A) postponement of military service, civic service and civil mobilisation;","A) report du service militaire, du service civique et de la mobilisation civile;"
"B) Free transit, which is deemed to mean free passage in public places to which access is restricted, upon display of the Member of the Assembly of the Republic's identity card;","B) Transit gratuit, ce qui est censé signifier un passage gratuit dans les lieux publics à accès restreint, sur présentation de la carte d'identité du membre de l'Assemblée de la République."
"C) a diplomatic passport per legislature, to be renewed in each legislative session;","C) un passeport diplomatique par législature, à renouveler à chaque session législative;"
"D) a Member of the Assembly of the Republic's identity card, the model for and issue of","D) une carte d'identité de membre de l'Assemblée de la République, le modèle et l'émission de"
Which shall be determined by order of the President of the Assembly; 11 11 The model and issuance of the Member of the Assembly of the Republic's identity card were laid down in Order no.,Qui sera déterminé par ordre du Président de l'Assemblée; Le modèle et la délivrance de la carte d'identité du membre de l'Assemblée de la République ont été établis dans l'ordre numéro.
"94/XI of the President of the Assembly of the Republic, published in Series II ‐ e of the Journal 8","94/XI du Président de l'Assemblée de la République, publié dans la Série II - e du Journal 8"
E) The remunerations and allowances laid down by law;,E) Les rémunérations et allocations prévues par la loi;
F) The rights provided for in the legislation governing the protection of maternity and,F) Les droits prévus dans la législation régissant la protection de la maternité et
"Paternity; g) The right to use and carry a firearm, in accordance with paragraph (7);","Paternité; g) Le droit d'utiliser et de porter une arme à feu, conformément au paragraphe (7);"
H) Priority in reservations for travel on public air transport companies during periods in,H) Priorité dans les réservations pour les voyages sur les compagnies de transport aérien public pendant les périodes en
"Which the Assembly is in full session, or for reasons related to the performance of their",Quand l'Assemblée est en séance plénière ou pour des raisons liées à l'exécution de leurs
Mandate.,Mandat.
4 – In addition to the Member of the Assembly of the Republic's name and signature and the,4 - En plus du nom et de la signature du Membre de l'Assemblée de la République et du
"Signature of the President of the Assembly, the Member's identity card shall include the validity","La signature du Président de l'Assemblée, la carte d'identité du membre inclura la validité"
"Date determined by the Member's term of office, together with the number of his national identity card or citizen's card.","Date déterminée par le mandat du membre, ainsi que le numéro de sa carte d'identité nationale ou de sa carte de citoyen."
5 – The integrated circuit of the Member of the Assembly of the Republic's identity card shall,5 - Le circuit intégré de la carte d'identité du Membre de l'Assemblée de la République sera
"Include the software for electronic voting, together with the qualified certificate for electronic signature, and other elements that are indispensable to any new software that may be incorporated into it.","Inclure le logiciel de vote électronique, ainsi que le certificat qualifié de signature électronique, et d'autres éléments indispensables à tout nouveau logiciel qui pourrait y être incorporé."
"6 – When a Member of the Assembly of the Republic's term of office ends or is suspended, his","6 - Lorsqu'un mandat de membre de l'Assemblée de la République prend fin ou est suspendu, son"
Diplomatic passport and Member's identity card must immediately be returned to the President of the Assembly.,Passeport diplomatique et carte d'identité de membre doivent être immédiatement retournés au Président de l'Assemblée.
"7 – For the purposes of the rules governing the possession of, permits for, and the use and carriage of firearms and their munitions, Members of the Assembly of the Republic are subject","7 - Aux fins des règles régissant la possession, les permis et l'utilisation ainsi que le transport des armes à feu et de leurs munitions, les membres de l'Assemblée de la République sont soumis"
To the provisions of Article 5 of Law no.,Aux dispositions de l'article 5 de la loi n°.
5/2006 of 23 February 2006.,5/2006 du 23 février 2006.
"Article 16 allowances 1 – In the exercise of their functions and because of them, Members of the Assembly of the","Article 16 allocations 1 - Dans l'exercice de leurs fonctions et en raison de celles-ci, les membres de l'Assemblée de"
Republic have the right to the following allowances:,La République a le droit aux allocations suivantes:
A) Travel allowances during the Assembly of the Republic's parliamentary term;,A) Indemnités de déplacement pendant la législature de l'Assemblée de la République;
"B) Allowances in support of political work throughout the national territory, in","B) Indemnités en soutien du travail politique sur tout le territoire national, en"
Accordance with Article 152 (2) of the Constitution of the Portuguese Republic; C) Travel allowances for political work in constituencies.,Conformément à l'article 152 (2) de la Constitution de la République portugaise; C) Indemnités de déplacement pour le travail politique dans les circonscriptions.
2 – The allowance provided for in Article 16 (1) (a) shall include an allowance for travel expenses,2 - L'allocation prévue à l'article 16 (1) (a) inclura une allocation pour les frais de déplacement.
And other expense allowances.,Et autres allocations de dépenses.
Its allocation shall be dependent on the submission of proof of execution.,Son allocation dépendra de la soumission d'une preuve d'exécution.
3 – The allowance provided for in Article 16 (1) (b) shall be determined as an overall annual amount and processed on a monthly basis.,3 - L'allocation prévue à l'article 16 (1) (b) sera déterminée comme un montant annuel global et traitée sur une base mensuelle.
4 – The allowance provided for in Article 16 (1) (c) shall be allocated to those Members of the assembly of the Republic with funds subject to personal income tax.,4 - L'allocation prévue à l'article 16 (1) (c) sera attribuée aux membres de l'assemblée de la République avec des fonds soumis à l'impôt sur le revenu personnel.
"Of the Assembly of the Republic, no.","De l'Assemblée de la République, n°."
5 of 7 December 2010.,5 au 7 décembre 2010.
"However, the Assembly of the Republic's certifying Entity (ECAR) was extinguished.","Cependant, l'entité de certification de l'Assemblée de la République (ECAR) a été éteinte."
"It was replaced by the Assembly of the Republic's Registration entity (ERAR) and, therefore, this order is outdated.","Il a été remplacé par l'entité d'enregistrement de l'Assemblée de la République (ERAR) et, par conséquent, cet ordre est obsolète."
"9 5 – In the following situations arising from specific parliamentary activities, Members of the","9 5 - Dans les situations suivantes découlant d'activités parlementaires spécifiques, les membres de"
Assembly of the Republic shall be entitled to allowances for travel and accommodation,L'Assemblée de la République aura droit à des allocations pour les déplacements et l'hébergement.
"Expenses, as well as other expense allowances, subject to authorisation and proof of execution: a) Travel for political work in the case of Members who are elected for the emigrant constituencies;","Dépenses, ainsi que d'autres allocations de dépenses, soumises à autorisation et preuve d'exécution: a) Voyages pour travail politique dans le cas des membres élus pour les circonscriptions d'émigrés;"
B) Travel for institutional representation of the Assembly of the Republic; C) Travel by delegations to international bodies of which the Assembly of the Republic is,B) Voyage pour la représentation institutionnelle de l'Assemblée de la République; C) Voyage des délégations auprès des organismes internationaux dont l'Assemblée de la République fait partie
"A member, and to parliamentary missions abroad.","Un membre, et participer aux missions parlementaires à l'étranger."
6 – The allowance scheme provided for in this Statute is implemented and complemented by a,6 - Le régime d'allocation prévu dans ce Statut est mis en œuvre et complété par un
"Resolution of the Assembly of the Republic and corresponds, for all legal intents and purposes,","Résolution de l'Assemblée de la République et correspond, pour tous les effets légaux,"
To a special scheme resulting from the constitutional nature of the parliamentary mandate.,À un régime spécial résultant de la nature constitutionnelle du mandat parlementaire.
7 – The resolution provided for in the foregoing paragraph also regulates the terms and,7 - La résolution prévue dans le paragraphe précédent réglemente également les termes et
Conditions governing the use of official vehicles by Members of the Assembly of the Republic,Conditions régissant l'utilisation des véhicules officiels par les membres de l'Assemblée de la République.
Due to their position or parliamentary mission.,En raison de leur poste ou mission parlementaire.
Article 16 ‐ a expense allowances,Article 16 - des indemnités de frais
1 – The expense allowances provided for in Article 16 (2) shall be those laid down in the following,1 - Les allocations de dépenses prévues à l'article 16 (2) seront celles établies dans le suivant.
"Paragraphs, without prejudice to other regulatory rules governing allowance discipline.","Paragraphes, sans préjudice des autres règles réglementaires régissant la discipline des allocations."
"2 – Members of the Assembly of the Republic residing outside the municipalities of Lisbon,","2 - Les membres de l'Assemblée de la République résidant en dehors des municipalités de Lisbonne,"
"Odivelas shall be entitled to expense allowances established for members of the Government,",Odivelas aura droit aux indemnités de frais établies pour les membres du gouvernement.
"Paid per each day of attendance of plenary sittings, committees or other meetings convened by the President of the Assembly of the Republic and two additional days per week.","Payé pour chaque jour de présence aux séances plénières, aux commissions ou à d'autres réunions convoquées par le Président de l'Assemblée de la République et deux jours supplémentaires par semaine."
"3 – Members of the Assembly of the Republic who reside in the municipalities of Lisbon, Oeiras,","3 - Les membres de l'Assemblée de la République qui résident dans les municipalités de Lisbonne, Oeiras,"
"Cascais, Loures, Sintra, Vila franca de Xira, Almada, Seixal, Barreiro, Amadora and Odivelas shall be entitled to a third of the expense allowances established in the foregoing paragraph.","Cascais, Loures, Sintra, Vila franca de Xira, Almada, Seixal, Barreiro, Amadora et Odivelas auront droit à un tiers des indemnités de dépenses établies dans le paragraphe précédent."
"Article 16 ‐ b actual residence 1 – The actual residence of a Member of the Assembly of the Republic, which is relevant for","Article 16 ‐ b résidence effective 1 - La résidence effective d'un membre de l'Assemblée de la République, qui est pertinente pour"
"Determining allowances, shall be his/her place of habitual residence in accordance with the","Déterminer les allocations, sera son lieu de résidence habituel conformément à"
Address recorded in the information contained in the citizen's card integrated circuit.,Adresse enregistrée dans les informations contenues dans le circuit intégré de la carte d'identité du citoyen.
2 – The relevant residence for the purpose of determining allowances allocated to Members,2 - La résidence pertinente pour déterminer les allocations attribuées aux membres.
"Who are elected for the emigrant constituencies, if located outside the Portuguese territory shall","Qui sont élus pour les circonscriptions d'émigrés, si situées en dehors du territoire portugais, devront"
"Be, during the whole mandate, the Member's stable residence on the date of the election, after","Être, pendant tout le mandat, la résidence stable du membre à la date de l'élection, après"
Certification by the relevant consular services.,Certification par les services consulaires compétents.
"For this purpose, determining a different domicile for personal income tax purposes is irrelevant.","À cette fin, déterminer un domicile différent pour des fins d'impôt sur le revenu personnel est sans importance."
3 – Members of the Assembly of the Republic who are elected for constituencies in Portuguese,3 - Les membres de l'Assemblée de la République qui sont élus pour des circonscriptions au Portugal
Territory and who are residing abroad must choose a domicile within Portuguese territory for the purpose of allocating and processing allowances.,Le territoire et les personnes résidant à l'étranger doivent choisir un domicile sur le territoire portugais afin d'attribuer et de traiter les allocations.
10,dix
Article 16 ‐ C,Article 16 - C
Insurance and assistance 1 – When Members of the Assembly of the Republic are on official missions abroad they shall be entitled to life insurance in an amount to be set by the Board of Administration of the assembly.,"Assurance et assistance 1 - Lorsque les membres de l'Assemblée de la République sont en mission officielle à l'étranger, ils auront droit à une assurance-vie d'un montant fixé par le Conseil d'administration de l'assemblée."
"2 – Subject to a favourable written opinion from the Board of Administration of the Assembly,","2 - Sous réserve d'un avis écrit favorable du Conseil d'administration de l'Assemblée,"
The Assembly of the Republic may take out an insurance policy that covers the travel risks that,L'Assemblée de la République peut souscrire une police d'assurance qui couvre les risques liés aux déplacements.
Members run in Portugal or as may arise from missions abroad.,Les membres travaillent au Portugal ou peuvent être envoyés en missions à l'étranger.
3 – When Members of the Assembly of the Republic are on official journeys or journeys which,3 - Lorsque les membres de l'Assemblée de la République sont en déplacement officiel ou en voyage officiel
"The Conference of leaders deems to be of parliamentary interest, the Assembly shall bear the costs of any emergency medical assistance.","La Conférence des chefs estime qu'il est d'intérêt parlementaire, l'Assemblée assumera les coûts de toute assistance médicale d'urgence."
Article 17,Article 17
Use of postal and communications services revoked.,Utilisation des services postaux et de communication révoquée.
Article 18,Article 18
Social security regime 1 – Members of the Assembly of the Republic shall enjoy the benefits of the general social security regime.,Régime de sécurité sociale 1 - Les membres de l'Assemblée de la République bénéficieront des avantages du régime général de sécurité sociale.
"2 – In cases in which Members of the Assembly of the Republic opt for the social security regime applicable to their profession, the Assembly of the Republic shall bear the costs that would otherwise be borne by the employer.","2 - Dans les cas où les membres de l'Assemblée de la République optent pour le régime de sécurité sociale applicable à leur profession, l'Assemblée de la République supportera les coûts qui seraient normalement supportés par l'employeur."
Article 19,Article 19
Guarantees with regard to work and social benefits,Garanties en matière de travail et de prestations sociales
"1 – In the exercise of their functions and because of them, Members of the Assembly of the Republic have the right to the following allowances:","1 - Dans l'exercice de leurs fonctions et en raison de celles-ci, les membres de l'Assemblée de la République ont droit aux allocations suivantes:"
A) Travel allowances during the Assembly of the Republic's parliamentary term;,A) Indemnités de déplacement pendant le mandat parlementaire de l'Assemblée de la République;
"B) Allowances in support of political work throughout the national territory, in","B) Indemnités en soutien du travail politique sur l'ensemble du territoire national, en"
Accordance with Article 152 (2) of the Constitution of the Portuguese Republic;,Conformément à l'article 152 (2) de la Constitution de la République portugaise;
C) Travel allowances for political work in constituencies.,C) Indemnités de déplacement pour le travail politique dans les circonscriptions.
2 – The allowance provided for in Article 16 (1) (a) shall include an allowance for travel expenses,2 - L'allocation prévue à l'article 16 (1) (a) comprendra une allocation pour frais de déplacement.
And other expense allowances.,Et d'autres allocations de dépenses.
Its allocation shall be dependent on the submission of proof of execution.,Son attribution dépendra de la soumission de la preuve d'exécution.
3 – The allowance provided for in Article 16 (1) (b) shall be determined as an overall annual amount and processed on a monthly basis.,3 - L'allocation prévue à l'article 16 (1) (b) sera déterminée sous forme de montant annuel global et traitée sur une base mensuelle.
4 – The allowance provided for in Article 16 (1) (c) shall be allocated to those Members of the assembly of the Republic with funds subject to personal income tax.,4 - L'allocation prévue à l'article 16 (1) (c) sera allouée aux membres de l'assemblée de la République avec des fonds soumis à l'impôt sur le revenu.
"Of the Assembly of the Republic, no.","De l'Assemblée de la République, non."
5 of 7 December 2010.,5 au 7 décembre 2010.
"However, the Assembly of the Republic's certifying Entity (ECAR) was extinguished.","Cependant, l'Entité de certification de l'Assemblée de la République (ECAR) a été éteinte."
"It was replaced by the Assembly of the Republic's Registration entity (ERAR) and, therefore, this order is outdated.","Il a été remplacé par l'entité d'Enregistrement de l'Assemblée de la République (ERAR) et, par conséquent, cet ordre est obsolète."
9,neuf
"5 – In the following situations arising from specific parliamentary activities, Members of the","5 - Dans les situations suivantes découlant d'activités parlementaires spécifiques, les membres de"
Assembly of the Republic shall be entitled to allowances for travel and accommodation,L'Assemblée de la République aura droit à des indemnités pour les déplacements et l'hébergement.
"Expenses, as well as other expense allowances, subject to authorisation and proof of execution: a) Travel for political work in the case of Members who are elected for the emigrant constituencies;","Dépenses, ainsi que d'autres allocations de dépenses, soumises à autorisation et preuve d'exécution : a) Voyages pour le travail politique dans le cas des membres élus pour les circonscriptions de migrants ;"
B) Travel for institutional representation of the Assembly of the Republic;,B) Voyage pour la représentation institutionnelle de l'Assemblée de la République;
"C) Travel by delegations to international bodies of which the Assembly of the Republic is a member, and to parliamentary missions abroad.","C) Voyage des délégations auprès des organes internationaux dont l'Assemblée de la République est membre, et des missions parlementaires à l'étranger."
6 – The allowance scheme provided for in this Statute is implemented and complemented by a,6 - Le régime d'allocation prévu dans ce statut est mis en œuvre et complété par un
"Resolution of the Assembly of the Republic and corresponds, for all legal intents and purposes,","Résolution de l'Assemblée de la République et correspond, pour tous les effets légaux et intents,"
7 – The resolution provided for in the foregoing paragraph also regulates the terms and conditions governing the use of official vehicles by Members of the Assembly of the Republic due to their position or parliamentary mission.,7 - La résolution prévue dans le paragraphe précédent régit également les termes et conditions régissant l'utilisation des véhicules officiels par les membres de l'Assemblée de la République en raison de leur fonction ou mission parlementaire.
Article 16 ‐ a expense allowances,Article 16 - des indemnités de frais
1 – The expense allowances provided for in Article 16 (2) shall be those laid down in the following,1 - Les indemnités de dépenses prévues à l'article 16 (2) seront celles établies dans les dispositions suivantes.
"Paragraphs, without prejudice to other regulatory rules governing allowance discipline.","Paragraphes, sans préjudice des autres règles réglementaires régissant la discipline des allocations."
"2 – Members of the Assembly of the Republic residing outside the municipalities of Lisbon,","2 - Les membres de l'Assemblée de la République résidant en dehors des municipalités de Lisbonne,"
"Odivelas shall be entitled to expense allowances established for members of the Government,",Odivelas aura droit aux indemnités de frais établies pour les membres du gouvernement.
"Paid per each day of attendance of plenary sittings, committees or other meetings convened by the President of the Assembly of the Republic and two additional days per week.","Payé pour chaque jour de présence aux séances plénières, comités ou autres réunions convoquées par le Président de l'Assemblée de la République et deux jours supplémentaires par semaine."
"3 – Members of the Assembly of the Republic who reside in the municipalities of Lisbon, Oeiras,","3 - Les membres de l'Assemblée de la République qui résident dans les municipalités de Lisbonne, Oeiras,"
"Cascais, Loures, Sintra, Vila franca de Xira, Almada, Seixal, Barreiro, Amadora and Odivelas shall be entitled to a third of the expense allowances established in the foregoing paragraph.","Cascais, Loures, Sintra, Vila Franca de Xira, Almada, Seixal, Barreiro, Amadora et Odivelas auront droit à un tiers des indemnités de frais établies dans le paragraphe précédent."
Article 16 ‐ b actual residence,Article 16 - résidence actuelle
"1 – The actual residence of a Member of the Assembly of the Republic, which is relevant for","1 - La résidence actuelle d'un membre de l'Assemblée de la République, qui est pertinente pour"
"Determining allowances, shall be his/her place of habitual residence in accordance with the","Déterminer les allocations, sera son lieu de résidence habituelle conformément à la"
Address recorded in the information contained in the citizen's card integrated circuit.,Adresse enregistrée dans les informations contenues dans le circuit intégré de la carte d'identité du citoyen.
2 – The relevant residence for the purpose of determining allowances allocated to Members,2 - La résidence pertinente aux fins de déterminer les allocations allouées aux membres.
"Who are elected for the emigrant constituencies, if located outside the Portuguese territory shall be, during the whole mandate, the Member's stable residence on the date of the election, after certification by the relevant consular services.","Les personnes élues pour les circonscriptions d'émigrants, si situées en dehors du territoire portugais, devront résider de manière permanente à l'adresse du député à la date de l'élection, après certification par les services consulaires compétents."
"For this purpose, determining a different domicile","À cette fin, déterminer un domicile différent"
For personal income tax purposes is irrelevant.,"Aux fins de l'impôt sur le revenu personnel, cela n'a pas d'importance."
3 – Members of the Assembly of the Republic who are elected for constituencies in Portuguese,3 - Membres de l'Assemblée de la République qui sont élus pour des circonscriptions au Portugal
Territory and who are residing abroad must choose a domicile within Portuguese territory for the purpose of allocating and processing allowances.,Le territoire et les personnes résidant à l'étranger doivent choisir un domicile sur le territoire portugais aux fins d'attribution et de traitement des allocations.
10 Article 16 ‐ C insurance and assistance,10 Article 16 - assurance et assistance
1 – When Members of the Assembly of the Republic are on official missions abroad they shall be entitled to life insurance in an amount to be set by the Board of Administration of the assembly.,"1 - Lorsque les membres de l'Assemblée de la République sont en mission officielle à l'étranger, ils auront droit à une assurance vie d'un montant fixé par le Conseil d'administration de l'assemblée."
"2 – Subject to a favourable written opinion from the Board of Administration of the Assembly,","2 - Sous réserve d'un avis écrit favorable du Conseil d'administration de l'Assemblée,"
The Assembly of the Republic may take out an insurance policy that covers the travel risks that,L'Assemblée de la République peut souscrire une assurance qui couvre les risques liés aux déplacements.
Members run in Portugal or as may arise from missions abroad.,Les membres opèrent au Portugal ou peuvent être amenés à effectuer des missions à l'étranger.
3 – When Members of the Assembly of the Republic are on official journeys or journeys which,3 - Lorsque les membres de l'Assemblée de la République sont en déplacement officiel ou en voyage qui
"The Conference of leaders deems to be of parliamentary interest, the Assembly shall bear the costs of any emergency medical assistance.","La Conférence des dirigeants considère que l'assistance médicale d'urgence est d'intérêt parlementaire, l'Assemblée assumera les coûts de toute assistance médicale d'urgence."
Article 17 use of postal and communications services revoked.,L'article 17 sur l'utilisation des services postaux et de communication est révoqué.
Article 18,Article 18
Social security regime,Régime de sécurité sociale
1 – Members of the Assembly of the Republic shall enjoy the benefits of the general social security regime.,1 - Les membres de l'Assemblée de la République bénéficieront des avantages du régime général de sécurité sociale.
2 – In cases in which Members of the Assembly of the Republic opt for the social security regime,2 - Dans les cas où les membres de l'Assemblée de la République optent pour le régime de sécurité sociale
"Applicable to their profession, the Assembly of the Republic shall bear the costs that would otherwise be borne by the employer.","Applicable à leur profession, l'Assemblée de la République prendra en charge les coûts qui seraient normalement supportés par l'employeur."
Article 19,Article 19
Guarantees with regard to work and social benefits,Garanties concernant le travail et les avantages sociaux
1 – Members of the Assembly of the Republic may not be prejudiced in their professional,1 - Les membres de l'Assemblée de la République ne peuvent pas être préjudiciables dans leur carrière professionnelle.
"Assignments, social benefits or permanent employment due to the fulfilment of their mandate.","Affectations, avantages sociaux ou emploi permanent en raison de l'accomplissement de leur mandat."
2 – Members of the Assembly of the Republic have the right to be dispensed from all,2 - Les membres de l'Assemblée de la République ont le droit d'être dispensés de tout
"Professional, public and private activities during the legislature.","Activités professionnelles, publiques et privées pendant la législature."
"3 – Fulfilment of the mandate shall count towards length of service for all purposes, save those","3 - L'accomplissement du mandat comptera pour la durée de service à toutes fins utiles, sauf celles-ci."
"That presuppose the actual exercise of a profession, without prejudice to the provisions of Article 5 (4).","Cela suppose l'exercice effectif d'une profession, sans préjudice des dispositions de l'article 5 (4)."
"4 – In the case of a function that is temporary by law or by contract, fulfilment of a Member of the Assembly of the Republic's mandate shall suspend the counting of the respective time period.","4 - Dans le cas d'une fonction temporaire par la loi ou par contrat, l'accomplissement du mandat d'un membre de l'Assemblée de la République suspendra le décompte de la période de temps respective."
Article 20 incompatibilities,Article 20 incompatibilités
"1 – The following positions and functions are incompatible with the exercise of the mandate of Member of the Assembly of the Republic: a) President of the Republic, member of the Government, and Representative of the","1 - Les positions et fonctions suivantes sont incompatibles avec l'exercice du mandat de député à l'Assemblée de la République : a) Président de la République, membre du gouvernement et Représentant de la"
Republic to an Autonomous Region;,République à une région autonome;
"11 b) Member of the Constitutional Court, the Supreme Court of Justice, the Supreme","11 b) Membre de la Cour constitutionnelle, de la Cour suprême de justice, de la Cour suprême"
"Administrative Court, the Court of Audit, the Supreme Judicial Council, the Supreme","Tribunal administratif, la Cour des comptes, le Conseil supérieur de la magistrature, la Cour suprême"
"Council of the Administrative and Fiscal Courts, attorney General, and Ombudsman;","Conseil des Tribunaux Administratifs et Fiscaux, Procureur Général et Médiateur;"
C) Member of the European Parliament;,C) Membre du Parlement européen;
D) Member of the self ‐ government organs of Autonomous Regions;,D) Membre des organes d'autogouvernement des régions autonomes;
"E) Ambassador, unless the Member of the Assembly of the Republic is a career Diplomat;","E) Ambassadeur, à moins que le membre de l'Assemblée de la République ne soit un diplomate de carrière;"
F) Civil Governor and Deputy Civil Governor;,F) Gouverneur civil et gouverneur civil adjoint;
"G) Mayor, deputy Mayor, legal substitute for the Mayor, and municipal Councillor, either","G) Maire, maire adjoint, suppléant légal du maire et conseiller municipal, que ce soit"
Full ‐ or part ‐ time;,Temps plein ou temps partiel;
H) Employee of the state or another public legal person;,Employé de l'État ou d'une autre personne morale de droit public;
I) Member of the National Electoral Commission;,Membre de la Commission électorale nationale;
J) Member of a ministerial office or legally equivalent position;,Membre d'un cabinet ministériel ou d'un poste légalement équivalent;
"L) Holder of a senior international office or function, if it prevents exercise of the parliamentary mandate, and employee of an international organisation or foreign state;","Titulaire d'une fonction internationale de haut niveau, si cela empêche l'exercice du mandat parlementaire, et employé d'une organisation internationale ou d'un État étranger;"
M) President and vice ‐ President of the Economic and Social Council;,M) Président et vice-président du Conseil économique et social;
N) Member of the Media Regulatory Body;,Membre de l'organisme de régulation des médias;
"O) Member of the board of directors of a public ‐ sector company, of a company with public capital or in which the state holds a majority stake, or of an autonomous public Institute.","Membre du conseil d'administration d'une entreprise du secteur public, d'une entreprise à capital public ou dans laquelle l'État détient une participation majoritaire, ou d'un institut public autonome."
2 – The provisions of subparagraph (h) of the previous paragraph do not encompass the exercise,2 - Les dispositions du sous-alinéa (h) du paragraphe précédent ne concernent pas l'exercice
"Without charge of higher education teaching functions, research work and other similar activities","Sans frais de fonctions d'enseignement supérieur, de recherche et d'autres activités similaires"
That are of important social interest and are recognised as such on a case ‐ by ‐ case basis by the Ethics Committee of the Assembly of the Republic.,Ces questions revêtent un intérêt social important et sont reconnues comme telles au cas par cas par le Comité d'éthique de l'Assemblée de la République.
3 – Without prejudice to the provisions of Article 4 (1) (a) and (2) and following implementation,3 - Sans préjudice des dispositions de l'article 4 (1) (a) et (2) et de leur mise en œuvre ultérieure.
"Of the provisions of Article 21 (7), the exercise of an incompatible position or function shall imply the loss of the Member of the Assembly of the Republic's seat.","Des dispositions de l'article 21 (7), l'exercice d'une position ou fonction incompatible entraînera la perte du siège du membre de l'Assemblée de la République."
Article 21 disqualifications,"Article 21 disqualifications

Article 21 disqualifications"
"1 – Members of the Assembly of the Republic require the Assembly's authorisation in order to be jurors, expert witnesses or witnesses.","1 - Les membres de l'Assemblée de la République ont besoin de l'autorisation de l'Assemblée pour être jurés, experts ou témoins."
2 – Members of the Assembly of the Republic require the Assembly's authorisation in order to serve as arbiters in proceedings in which the state or any other public ‐ law legal person is a party.,2 - Les membres de l'Assemblée de la République doivent obtenir l'autorisation de l'Assemblée pour agir en tant qu'arbitres dans des procédures où l'État ou toute autre personne morale de droit public est partie.
3 – The authorisation referred to in paragraph (1) must be requested by the competent judge or,3 - L'autorisation mentionnée au paragraphe (1) doit être demandée par le juge compétent ou
"By the official responsible for the committal proceedings, in the form of a document addressed to the President of the Assembly of the Republic, and the Member in question shall be heard prior to the decision as to whether to grant the authorisation.","Par le responsable officiel des procédures de mise en accusation, sous forme d'un document adressé au Président de l'Assemblée de la République, et le membre concerné sera entendu avant la décision d'accorder l'autorisation."
"4 – Members of the Assembly of the Republic may exercise other activities, on condition that","4 - Les membres de l'Assemblée de la République peuvent exercer d'autres activités, à condition que"
"They are not excluded by the provisions of the following paragraphs, and they must notify the constitutional Court of the nature and details thereof.","Ils ne sont pas exclus par les dispositions des paragraphes suivants, et ils doivent notifier à la Cour constitutionnelle la nature et les détails de ceux-ci."
5 – Without prejudice to the provisions of the regimes governing incompatibilities and,5 - Sans préjudice des dispositions des régimes régissant les incompatibilités et
"Disqualifications set out in special laws, particularly with regard to the exercise of positions or","Disqualifications énoncées dans des lois spéciales, en particulier en ce qui concerne l'exercice de fonctions ou"
"Professional activities, the following situations shall also preclude the exercise of the mandate of Member of the Assembly of the Republic: 12",Les activités professionnelles suivantes empêcheront également l'exercice du mandat de membre de l'Assemblée de la République : 12
"A) Holding a position as member of a corporate organ of a public legal person, or of a","B) Exercice d'un poste de membre d'un organe d'entreprise d'une personne morale de droit public, ou d'une"
"Company whose capital is wholly or majority held by the public sector, or of a company that holds a public service concession, with the exception of a consultative, scientific or","Entreprise dont le capital est entièrement ou majoritairement détenu par le secteur public, ou d'une entreprise détenant une concession de service public, à l'exception d'une entreprise consultative, scientifique ou"
Pedagogical organ or one that forms part of the autonomous institutional,Organe pédagogique ou faisant partie de l'institution autonome
Administration;,Administration;
B) Serving as a paid expert or arbiter in any proceedings in which the state or other,B) Servir en tant qu'expert rémunéré ou arbitre dans toute procédure dans laquelle l'État ou tout autre entité est partie.
Public ‐ law legal persons are a party;,Les personnes morales de droit public sont une partie;
"C) Holding a government appointment, acceptance of which has not been authorised by","C) Occupant un poste gouvernemental, dont l'acceptation n'a pas été autorisée par"
The parliamentary committee with competence for the matter in question.,Le comité parlementaire compétent pour la question en question.
"6 – Without prejudice to the provisions of special laws, Members of the Assembly of the Republic are also precluded from accumulating the following activities with that of Member:","6 - Sans préjudice des dispositions des lois spéciales, les membres de l'Assemblée de la République sont également empêchés de cumuler les activités suivantes avec celle de membre :"
"A) In the case of the direct or indirect exercise of commercial or industrial activities, with a spouse from whom the Member of the Assembly of the Republic is not judicially","Dans le cas de l'exercice direct ou indirect d'activités commerciales ou industrielles, avec un conjoint à l'égard duquel le député de l'Assemblée de la République n'est pas judiciairement lié."
"Separated from bed and board, or for or on his own behalf or that of an entity in which","Séparé de corps et de biens, ou pour son propre compte ou celui d'une entité dans laquelle"
