English,Hindi
7/93 of 1 March 1993.,1 मार्च 1993 का 7/93।
6 Declaration of rectification no.,6 सुधार की घोषणा।
9/2001 of 13 March 2001 republished Law no.,13 मार्च 2001 की दिनांक 9/2001 पुनः प्रकाशित कानून संख्या।
3/2001 of 23 February,23 फरवरी का 3/2001
2001 in its entirety.,2001 का पूरा.
7 Article 2 of Law no.,7 विधि संख्या 2 का लेख
44/2006 of 25 August 2006 states that: the present Law shall enter into force on,25 अगस्त 2006 को 44/2006 का निर्णय है कि: वर्तमान कानून तब प्रभाव में आएगा।
The first day of the next legislature (i.e. the first day of the 11th legislature).,अगली विधानसभा का पहला दिन (अर्थात 11वीं विधानसभा का पहला दिन)।
8 Article 2 of Law no.,८ कानून संख्या की धारा २।
45/2006 of 25 August 2006 states that: the present Law shall enter into force on the,25 अगस्त 2006 को 45/2006 के अनुसार यह नियम लागू होगा: वर्तमान कानून क्रियान्वित होगा।
First day of the next legislature (i.e. the first day of the 11th legislature).,"अगले विधान सभा का पहला दिन (अर्थात, 11वीं विधान सभा का पहला दिन)।"
9 Article 5 of Law no.,१० कानून संख्या ५ का अनुच्छेद ५।
43/2007 of 24 August 2007 states that: without prejudice to the provisions of,24 अगस्त 2007 की 43/2007 स्थिति कहती है कि: इस प्रावधान के बिना
Article 2 of Law no.,कानून संख्या 2 की धारा
44/2006 and of Article 2 of Law no.,44/2006 और कानून संख्या 2 के अनुच्छेद के अनुसार।
"45/2006, both of 25 August 2006, the present Law","45/2006, दोनों का 25 अगस्त 2006, वर्तमान कानून"
Shall enter into force on the first day of the 3rd Legislative Session of the 10th legislature (15 September,दसवीं विधानसभा की तिसरे सत्र के पहले दिन यह प्रभाव में आएगा (15 सितंबर)।
2007).,2007।
10 Article 4 of Law no.,10 कानून संख्या 4 के अनुसार।
44/2019 of 21 June 2019 states that: the present law shall enter into force on the,21 जून 2019 को 44/2019 का दावा करता है कि: वर्तमान कानून शक्ति में आएगा।
"Day following its publication, taking effect at the beginning of the 14th legislature in parallel with its regulatory resolution.","उसके प्रकाशन के दिन, इसके विधिक संकल्प के साथ 14वीं विधानमंडल की शुरुआत पर प्रभाव डालना।"
"2 Article 1 nature and scope of mandate 1 – Members of the Assembly of the Republic represent the whole country, and not the constituencies for which they are elected.","2 धारा 1 जिम्मेदारी का प्रकृति और विस्तार - गणराज्य सभा के सदस्य पूरे देश का प्रतिनिधित्व करते हैं, और उन निर्वाचित क्षेत्रों का नहीं।"
"2 – Members of the Assembly of the Republic all possess the same status and all enjoy and are subject to the same rights and duties, without prejudice to specific conditions applicable to the","2 - संसद के सभी सदस्यों का समान स्थिति है और सभी को समान अधिकार और कर्तव्य हैं, किसी विशेष परिस्थितियों के लागू होने पर भी किसी अपराध के बिना।"
Exercise and fulfilment thereof and the regime governing the different parliamentary functions,व्यायाम और उसका पूरण तथा विभिन्न संसदीय कार्यों को नियंत्रित करने वाला नियमितीय व्यवस्था।
"They perform, as laid down by law.",वे कानून द्वारा निर्धारित प्रक्रिया का पालन करते हैं।
Article 2 beginning and end of term of office,अध्याधेश 2 कार्यालय की अवधि की शुरुआत और समाप्ति
"1 – The term of office of Members of the Assembly of the Republic begins upon the first sitting of the Assembly following elections thereto and ends upon the first sitting following the subsequent elections thereto, without prejudice to the suspension or termination of any","1 - संसद के सदस्यों की कार्यालय की अवधि चुनाव के बाद संसद की पहली बैठक के बाद शुरू होती है और उसके उपरांत होने वाले चुनावों के बाद संसद की पहली बैठक के बाद समाप्त होती है, किसी भी निलंबन या समाप्ति के बिना।"
Individual term of office.,कार्यकाल की व्यक्तिगत अवधि।
2 – The filling of vacancies which arise in the Assembly of the Republic shall be regulated by electoral law.,2 - जो रिपब्लिक की सभा में उत्पन्न होने वाली रिक्तियों को चुनावी कानून द्वारा नियंत्रित किया जाएगा।
Article 3 verification of credentials,लेख 3 प्रमाणपत्रों का सत्यापन
"The Assembly of the Republic shall verify Members' credentials, in accordance with the respective Rules of Procedure.","संसद निर्वाचन सदस्यों की पहचान की जांच करेगी, संबंधित नियम विधान के अनुसार।"
Article 4,अनुच्छेद 4
Suspension of term of office,कार्यालय की अवधि का निलंबन
1 – The following shall cause a term of office to be suspended:,1 - निम्नलिखित कारणों से कार्यकाल को निलंबित किया जाएगा:
A) Approval of a request for temporary substitution when there are important grounds,जब महत्वपूर्ण कारण हों तो अस्थायी प्रतिस्थापन के अनुरोध की मंजूरी
"For it, in accordance with Article 5;","इसके लिए, अनुसार धारा 5 के अनुसार;"
"B) Criminal proceedings, as laid down in Article 11 (3);","बी) अपराधिक कार्यवाही, जैसा कि धारा 11 (3) में निर्धारित किया गया है।"
"C) occurrence of the situations referred to in Article 20 (1) (a), except for the President of","अनुच्छेद 20 (1) (a) में संदर्भित परिस्थितियों का घटना, केवल राष्ट्रपति के लिए।"
"The Republic, and in Article 20 (1) (d), (e), (f), (g), (h) and (l).","गणराज्य, और धारा 20 (1) (d), (e), (f), (g), (h) और (l) में।"
"2 – In the cases provided for in Article 20 (1) (g), the suspension of the term of office set out in","2 - धारा 20 (1) (ग) में प्रावधानित मामलों में, पद की समय सीमा का निलंबन"
"The previous paragraph is only admissible immediately after the verification of credentials by the Assembly of the Republic, or at the moment at which the Member is installed in the","पिछला अनुच्छेद केवल तभी स्वीकार्य है जब संसद के द्वारा पहचान पुष्टि होती है, या सदस्य स्थापित होता है।"
"Respective local authority position, and may not occur for more than a single period of up to","संबंधित स्थानीय प्राधिकरण पद, और एक केवल एक अवधि के लिए हो सकता है"
180 days.,180 दिन।
Article 5 temporary substitution on important grounds,मामूली कारणों पर अस्थायी प्रतिस्थापन की अनुमति देना
"1 – When there are important grounds for doing so, Members of the Assembly of the Republic may ask the President of the Assembly to substitute them once or more than once during the course of the legislature.","जब ऐसे महत्वपूर्ण कारण होते हैं, तो गणराज्य सभा के सदस्य विधानसभा के अध्यक्ष से अनुरोध कर सकते हैं कि उन्हें विधानमंत्रियों के दौरान एक या एक से अधिक बार प्रतिस्थापित करें।"
2 – Important grounds shall mean: a) Serious illness that involves being unable to exercise the functions of Member of the,2 - महत्वपूर्ण कारण यह मतलब है: ए) गंभीर बीमारी जो सदस्य के कार्यों को नहीं कर पाने का सामना करना पड़ता है।
Assembly of the Republic for a period of not less than thirty and not more than one,गणराज्य की सभा के लिए कम से कम तीस और अधिक से अधिक एक अवधि के लिए।
Hundred and eighty days; b) The taking of maternity or paternity leave;,सौ और अस्त दिन; b) मातृत्व या पितृत्व छुट्टी लेना;
"3 C) The need to ensure the furtherance of proceedings, in accordance with Article 11 (3).","3 सी) प्रक्रियाओं के आगे बढ़ने की आवश्यकता को सुनिश्चित करने की आवश्यकता, अनुच्छेद 11 (3) के अनुसार।"
"3 – The request for substitution shall be submitted either directly by the Member of the assembly of the Republic himself, or via the leadership of his parliamentary group, in which case it shall be accompanied by a declaration of consent by the Member who is to be substituted.","3 - प्रतिस्थान का अनुरोध सीधे गणराज्य सभा के सदस्य द्वारा प्रस्तुत किया जाएगा, या उसके संसदीय समूह के नेतृत्व के माध्यम से, जिसमें उस सदस्य की सहमति की घोषणा के साथ होगा जिसे स्थानांतरित किया जाना है।"
"4 – When based on the grounds set out in paragraph (2) (a) or (b), the temporary substitution of a Member of the Assembly of the Republic shall not cause the processing of his remuneration to cease or any loss of length of service.","4 - पैराग्राफ (2) (ए) या (ब) में निर्धारित आधार पर जब गणराज्य सभा के सदस्य की अस्थायी प्रतिस्थापना होती है, तो उसकी वेतन प्रसंस्करण को बंद नहीं करेगी और कोई अवधि की सेवा की हानि नहीं होगी।"
Article 6,लेख 6
End of suspension,प्रशासनिक प्रतिबंध का अंत
1 – The suspension of a term of office shall cease:,1 - कार्यालय की एक कार्यकाल का निलंबन समाप्त हो जाएगा:
"A) In the case of Article 4 (1) (a), upon the end of the period of substitution, or upon the","Article 4 (1) (a) के मामले में, प्रतिस्थान की अवधि के समाप्त होने पर, या परिणामींयान्त्रणीयें, या"
Member of the Assembly of the Republic's early return as directly notified to the,संसद के सदस्य की शीघ्र वापसी सीधे सूचित की गई।
President of the Assembly by the Member or the leadership of the parliamentary group to which he belongs;,सभा के अध्यक्ष द्वारा सदस्य या उस संसदीय समूह के नेतृत्व द्वारा।
"B) In the case of Article 4 (1) (b), upon the issue of a judicial decision absolving the","B) धारा 4 (1) (बी) के मामले में, न्यायिक निर्णय जारी होने पर"
"Member of the Assembly of the Republic or equivalent, or upon completion of the","सदन के सदस्य या समकक्ष का सदस्य, या पूरा होने पर"
"Sentence; C) In the case of Article 4 (1) (c), upon the cessation of the function that is incompatible with that of Member of the Assembly of the Republic.","वाक्य; C) धारा 4 (1) (सी) के मामले में, जब वह कार्य समाजवादी गणराज्य के सदस्य के कार्य से असंगत हो जाए।"
2 – All the powers possessed by the last Member of the Assembly of the Republic from the respective electoral list to have exercised the mandate on the date on which the original,"2 - गणराज्य की सभा के पिछले सदस्य द्वारा वे सभी शक्तियाँ जो अभिलेखीय निर्वाचन सूची से अधिकार का प्रयोग करने वाला आखिरी सदस्य हैं, उस तिथि पर जिस दिन मूल को अभिवादन मिला है।"
Member resumes the exercise of his mandate shall automatically cease on that date.,"सदस्य अपने पद का प्रयोग फिर से आरंभ करता है, तो उस तारीख पर स्वचालित रूप से समाप्त हो जाएगा।"
"3 – Without prejudice to the provisions of Article 11 (3) (b), no Member of the Assembly of the","3 - निर्दोषी रूप से धारा 11 (3) (बी) की प्रावधानों के बिना, संसद का कोई सदस्य"
Republic may return before the end of the fifty days provided for in Article 5 (5).,संविधान के अनुच्छेद 5 (5) में निर्धारित पचास दिनों के अंत से पहले गणराज्य वापस लौट सकता है।
Article 7 resignation of seat,अनुच्छेद 7 सीट का इस्तीफा
1 – Members of the Assembly of the Republic may resign their seat by means of a written,1 - गणराज्य सभा के सदस्य लिखित रूप से अपनी सीट देने के लिए इस्तीफा दे सकते हैं।
"Declaration, which shall be submitted to the President of the Assembly either in person, or bearing a notarised signature.",इस घोषणा को सभा के अध्यक्ष को व्यक्तिगत रूप से या एक नोटराइज्ड हस्ताक्षर के साथ प्रस्तुत किया जाएगा।
2 – No resignation request shall be processed until the leader of the respective parliamentary,2 - किसी भी संसदीय नेता की अध्यक्षता नहीं होने तक कोई इस्तीफा अनुरोध प्रक्रियागत नहीं किया जाएगा।
"Group, when one exists, has first been notified of it.","समूह, जब एक मौजूद होता है, उसे पहले सूचित किया जाता है।"
3 – Without prejudice to their subsequent publication in the Journal of the Assembly of the,3 - संसद के जर्नल में उनके बाद में प्रकाशन के बिना।
"Republic, resignations shall take effect when the Bureau announces them to the Plenary.","गणराज्य, इस्तीफे पूर्णसभा को उन्हें घोषित करने पर प्रभावी होंगे।"
Article 8,अनुच्छेद 8
Loss of seat 1 – Members of the Assembly of the Republic shall lose their seat when:,सीट का नुकसान 1 - गणराज्य सभा के सदस्य सीट खो देंगे जब:
A) They become subject to any of the disqualifications or incompatibilities provided for,उन्हें किसी भी अक्षमता या असंगति का अधिकार प्राप्त होता है।
"By law, even when due to facts that arose prior to their election; and the Assembly of","कानून के अनुसार, चुनाव से पहले हुए तथ्यों के कारण हो। और सभा की"
The Republic may not reassess facts which have been the object of a judicial ruling that has already transited in rem judicatam or of an earlier decision by the Assembly itself;,गणराज्य उन तथ्यों की पुनरार्थना नहीं कर सकता जिन्होंने पहले ही न्यायिक निर्णय के विषय बने हों जो पहले ही अस्थायी रूप से निर्णयित हो गए हों या सभा द्वारा पहले ही निर्धारित निर्णय के।
"4 b) They do not take up their seat in the Assembly of the Republic, or they exceed the permitted number of failures to attend, except for reasons that are justified under the terms of paragraph (2) and in accordance with the Rules of Procedure; C) They register as members of a political party other than that for which they stood for election; d) They are judicially convicted of participating in organisations that possess a racist or fascist ideology.","4 बी) वे संसद के सभा में अपनी सीट नहीं लेते हैं, या वे उपस्थित होने की अनुमति दी गई बार-बारी की संख्या से अधिक छोड़ देते हैं, केवल उन कारणों के तहत जो अनुचित हैं अनुच्छेद (2) की शर्तों के अनुसार और विधि विधान के अनुसार; सी) वे चुनाव के लिए खड़े होने वाले राजनीतिक पार्टी के सदस्य के रूप में पंजीकृत होते हैं; डी) वे ऐसी संगठनों में भाग लेने के लिए न्यायिक रूप से सजा भुगतते हैं जो जातिवादी या फासिस्ट विचारधारा रखते हैं।"
"2 – Illness, marriage, maternity or paternity, mourning, force majeure, parliamentary missions or work, and political work or work pertaining to the political party to which the Member of the assembly of the Republic in question belongs, as well as participation in parliamentary activities, in accordance with the Rules of Procedure, shall be deemed justified reasons.","2 - बीमारी, विवाह, मातृत्व या पितृत्व, शोक, अदृश्य परिस्थितियों, संसदीय मिशन या काम, और राजनीतिक काम या उस राजनीतिक पार्टी के काम जिसके सदस्य को संसद की सभा का हिस्सा है, साथ ही संसदीय गतिविधियों में भाग लेना, नियमन प्रक्रिया के अनुसार, स्वीकृत कारण माना जाएगा।"
3 – Any Member of the Assembly of the Republic who is present at a sitting or meeting and invokes duly substantiated reasons of conscience shall be deemed justified in not taking part in voting.,"3 - गणराज्य सभा के किसी भी सदस्य जो किसी बैठक या मीटिंग में मौजूद है और नैतिकता के सही कारणों को समर्थन करता है, उसे मतदान में भाग नहीं लेने में मान्यता दी जाएगी।"
4 – Transport difficulties may be deemed justification for failures to attend in exceptional cases.,4 - परिवहन की कठिनाइयाँ असाधारण मामलों में उपस्थित नहीं होने के लिए कारण मानी जा सकती है।
5 – In the applicable cases set out in Article 20 and if the Member of the Assembly of the Republic,5 - लागू मामलों में जो अनुच्छेद 20 में उल्लिखित हैं और अगर गणराज्य सभा के सदस्य हैं
"In question does not comply with the provisions of Article 21 (7), failure to suspend his term of office in accordance with Article 4 shall cause the loss of his seat in accordance with Article","प्रश्न धारा 21 (7) की प्रावधानों का पालन नहीं करता है, धारा 4 के अनुसार उसके कार्यकाल का निलंबन न करने के कारण उसकी सीट की गवाही होगी।"
160 (1) (a) of the Constitution.,संविधान की धारा 160 (1) (a)।
The loss of seat shall be declared following verification by the,सीट का नुकसान सत्यापन के बाद घोषित किया जाएगा।
"Assembly of the Republic, in accordance with the Rules of Procedure.","संसद, नियम प्रक्रिया के अनुसार।"
Article 9 substitution of Members of the Assembly of the Republic,धारा 9 विधानसभा के सदस्यों की प्रतिस्थापना
"1 – In cases in which a Member of the Assembly of the Republic's seat falls vacant or his term of office is suspended, he shall be substituted by the candidate who occupied the highest position","1 - जिन मामलों में जब गणराज्य सभा के सदस्य की सीट खाली हो जाती है या उसके कार्यकाल को निलंबित किया जाता है, उसे उस उम्मीदवार द्वारा बदला जाएगा जिसने सबसे ऊपरी स्थान रखा था।"
On the same electoral list and was not elected.,एक ही चुनावी सूची में था और चुनाव नहीं जीता गया।
"2 – In the event that the candidate who is called upon to take up the functions of Member of the Assembly of the Republic is temporarily unable to do so, the candidate who occupied the","2 - जिस स्थिति में यदि उम्मीदवार जिसे गणराज्य सभा के सदस्य के कार्यों की नियुक्ति के लिए बुलाया जाता है, वह तात्कालिक रूप से इसे नहीं संभाल सकता है, तो उम्मीदवार जिसने इसे किया हो"
Next ‐ highest position on the same electoral list shall take over his position.,अगला - सबसे ऊपरी स्थिति उसकी स्थिति पर कब्जा करेगा।
"3 – Once the inability has ended, the candidate shall once again take up his original position on the list for the purpose of future substitutions.","3 - एक बार अशक्ति समाप्त होने के बाद, उम्मीदवार फिर से भविष्य की प्रतिस्थानों के लिए अपनी मूल स्थिति को लेगा।"
"4 – If there are no longer any unelected effective or substitute candidates on the list of the Member of the Assembly of the Republic who is to be substituted, no substitution shall take place.","4 - अगर जिन उम्मीदवारों के पास सदन के सदस्य की सूची में कोई भी चुनावी या प्रतिस्थापित उम्मीदवार नहीं है, जिन्हें स्थानांतरण किया जाना चाहिए, तो कोई स्थानांतरण नहीं होगा।"
"5 – Both the substitution provided for by this Article, and the recognition of the temporary",5 - इस धारा द्वारा प्रदान की गई प्रतिस्थापना और अस्थायी पहचान।
"Inability on the part of an unelected candidate and of the end thereof, shall be subject to the",किसी चुने गए उम्मीदवार और उसके अंत की असमर्थता का नियंत्रण होगा।
"Issue of a request by the leadership of the Member of the Assembly of the Republic's parliamentary group, when one exists, or by the candidate with the right to fill the vacant seat.","सदन के सदस्य समूह के नेतृत्व द्वारा एक अनुरोध का मुद्दा उठाना, जब एक होता है, या रिक्त सीट भरने का अधिकार वाले उम्मीदवार द्वारा।"
5 Chapter II immunities,5 अध्याय II अक्षमताएँ
Article 10 non ‐ liability members of the Assembly of the Republic are not civilly or criminally liable for or subject to disciplinary sanctions in relation to their votes or the opinions they express in the exercise of,धारा 10 गणराज्य सभा के सदस्यों की अजिम्मेदारी नहीं है कि वे नागरिक रूप से या दंडात्मक दंडों के लिए उनके वोटों या उनके व्यक्त किए गए विचारों के संबंध में दंडित हों या शासनात्मक दंडों के प्रति अजिम्मेदार हैं।
Their functions or because of them.,उनके कार्य या उनके कारण।
Article 11 inviolability,अनुच्छेद 11 अक्षतता
"1 – No Member of the Assembly of the Republic may be detained, arrested or imprisoned","1 - संसद का कोई सदस्य नहीं गिरफ्तार, अरेस्ट या जेल में बंद किया जा सकता है।"
"Without the Assembly's authorisation, save for a wilful crime which is punishable by imprisonment for a maximum term of more than three years and in flagrante delicto.","सभा की अनुमति के बिना, केवल एक ऐच्छिक अपराध के लिए, जिसे अधिकतम तीन साल से अधिक की कैद से सजा दी जा सकती है और फ्लैग्रेंटो डेलिक्टो में।"
2 – Members of the Assembly of the Republic may not be heard as makers of declarations or,2 - गणराज्य की सभा के सदस्य बयान या
Official suspects without the Assembly's authorisation.,आधिकारिक संशय विधानसभा की अनुमति के बिना।
In the event of the existence of strong,मजबूत की मौजूदगी की घटना के मामले में
Indications of the wilful commission of a crime that is punishable by imprisonment for a,जुर्म की इच्छाशील जानबूझकर उत्पन्न किए गए संकेत जो किसी जेल की सजा से दंडनीय हैं।
"Maximum term of more than three years, the Assembly shall obligatorily authorise that a Member be heard as an official suspect.","तीन साल से अधिक की अधिकतम अवधि के लिए, सभा को अनिवार्य रूप से अधिकारी संदिग्ध के रूप में सुनवाई की अनुमति देनी चाहिए।"
3 – In the event that criminal proceedings are brought against a Member of the Assembly of the,"3 - अगर किसी सदन के सदस्य के खिलाफ गुनाह के कारण कानूनी कार्रवाई की जाती है, तो"
"Republic and he is definitively charged, the Assembly shall decide, within the time limit laid down","गणराज्य और उसे निश्चित रूप से आरोपित किया गया है, तो सभा को समय सीमा के अंदर निर्धारित करना होगा।"
"In the Rules of Procedure, whether or not he must be suspended so that the proceedings can take their course, as follows: a) When the crime is of the type referred to in paragraph (1), suspension is obligatory;","नियम प्रक्रिया में, क्या उसे निलंबित किया जाना चाहिए ताकि कार्यवाही अपना मार्ग ले सके, जैसे: ए) जब अपराध वह प्रकार का हो जिसका संदर्भ पैराग्राफ (1) में दिया गया हो, तो निलंबन अनिवार्य है।"
"B) The Assembly may limit the Member of the Assembly of the Republic's suspension to the time which, under the circumstances, it deems most appropriate to both the",बी) सभा गणराज्य सभा के सदस्य की निलंबन को उस समय तक सीमित कर सकती है जिसे परिस्थितियों के अनुसार सबसे उपयुक्त मानती है।
Exercise of his mandate and the furtherance of the criminal proceedings.,उसके निर्देश का पालन करना और अपराधिक कार्यवाही को आगे बढ़ाना।
"4 – A charge shall become definitive, whereupon the procedural acts shall be pursued up until the trial hearing:","4 - एक आरोप पक्षपाती हो जाएगा, जिसके बाद प्रक्रियात्मक कार्रवाई की जाएगी जब तक न्यायिक सुनवाई तक आगे बढ़ाई जाएगी।"
"A) When, in the event of the intervention of an examining judge, the latter confirms the","जब, जांच करने वाले जज की हस्तक्षेप की स्थिति में, तो अंतिम वही पुष्टि करता है"
"Charge brought by the Public Prosecutors' Office and the decision is not challenged or,","सार्वजनिक अभियोजन कार्यालय द्वारा लगाया गया आरोप और निर्णय पर चुनौती नहीं है या,"
"In the event of an appeal, it is maintained by the higher court;","यदि कोई अपील की गई हो, तो उसे उच्च न्यायालय द्वारा संभाला जाता है।"
B) Once the decision to indict has transited in rem judicatam due to facts that differ from,"बी) एक बार तय किया गया है कि दोषी ठहराया जाएगा, क्योंकि तथ्य भिन्न हैं, तो उसे रेम जुडिकाटम में स्थिति बदल गई है।"
Those set out in the charge brought by the Public Prosecutors' Office;,जो लोग जन सरकारी अभियोजन के द्वारा लगाए गए आरोप में शामिल हैं।
"C) In the event that there are no committal proceedings, once the trial judge has issued the curative ruling;","सी) उस स्थिति में, जब कोई समर्पण प्रक्रियाएँ न हों, एक बार परीक्षा न्यायाधीश ने उपचारात्मक निर्णय जारी किया है;"
"D) In cases involving summary proceedings, once the Public Prosecutors' Office has","D) संक्षिप्त प्रक्रिया से संबंधित मामलों में, एक बार पब्लिक प्रोसीक्यूटर्स कार्यालय के पास"
Requested the imposition of a sanction.,सजा का आवेदन किया।
5 – The competent judge shall submit the authorisation request referred to in the previous paragraphs in the form of a document addressed to the President of the Assembly of the,5 - सक्षम न्यायाधीश को पूर्वलेखित अनुच्छेदों में उल्लिखित अधिकारी अनुज्ञान अनुरोध प्रस्तुत करेगा जो एक दस्तावेज़ के रूप में होगा जो सभा के अध्यक्ष को पत्रित किया गया हो।
"Republic, and the request shall not lapse at the end of the legislature if the Member in question is elected for a new term of office.","गणराज्य, और यदि सदस्य को नए कार्यकाल के लिए चुना जाता है तो निवेदन विधानसभा के समापन पर समाप्त नहीं होगा।"
"6 – The decisions to which this Article refers shall be taken by the Plenary, which shall first hear the Member of the Assembly of the Republic involved and consider a formal written opinion","6 - जिन निर्णयों का उल्लेख इस लेख में है, उन्हें संपूर्ण सदन द्वारा लिया जाएगा, जिसमें सबसे पहले संलग्न विधानसभा के सदस्य को सुना जाएगा और एक स्वरूपी लिखित राय को विचार किया जाएगा।"
From the committee with competence for the matter in question.,जिस विषय के लिए प्राधिकरण समिति सक्षम है।
6 7 – The time limit for the prescription of the criminal proceedings shall be suspended when the,6 7 - अपराधिक प्रक्रियाओं के प्रावधान के लिए निर्धारित समय सीमा को तब तक रोक दिया जाएगा जब तक
Authorisation request made by the competent judge is submitted to the Assembly of the,प्राधिकरणीय न्यायाधीश द्वारा की गई अधिकारिकता अनुरोध को सभा को प्रस्तुत किया जाता है।
"Republic, in accordance with and for the purposes of Article 120 (1) (a) of the penal Code; if the","गणराज्य, दंड संहिता की धारा 120 (1) (a) के अनुसार और उद्देश्यों के लिए; यदि"
"Assembly decides not to lift the Member's immunity, the suspension shall remain in effect for","विधानसभा निर्णय करती है कि सदस्य की आवासीयता को नहीं उठाना चाहिए, तो प्रतिबंध प्रभाव में रहेगा।"
As long as he is entitled to the prerogative.,जब तक उसे यह विशेषाधिकार प्राप्त है।
Chapter III,अध्याय III
Conditions under which mandates are exercised,परिपत्रों का प्रयोग किए जाने के शर्त।
Article 12 conditions under which the function of Member of the Assembly of the Republic is exercised,धारा 12 उस स्थितियों का विवरण देती है जिसके तहत गणराज्य सभा के सदस्य का कार्य संचालित किया जाता है।
1 – Members of the Assembly of the Republic shall exercise their mandate freely and shall be,1 - गणराज्य सभा के सदस्य अपने पद का स्वतंत्र रूप से प्रयोग करेंगे और उन्हें
"Ensured the conditions appropriate to the effective exercise of their functions, particularly with regard to the indispensable contact with registered electors, and to being informed regularly.","उनके कार्यों के प्रभावी निष्पादन के लिए उपयुक्त स्थितियों की सुनिश्चित की गई, विशेष रूप से पंजीकृत मतदाताओं के संपर्क के अनिवार्यता और नियमित रूप से सूचित किया जाना।"
"2 – Each Member of the Assembly of the Republic has the right to appropriate working conditions, particularly:","2 - गणराज्य सभा के प्रत्येक सदस्य को उचित कार्य स्थितियों का अधिकार है, विशेष रूप से:"
A) his own individualised office at the seat of the Assembly of the Republic;,गणराज्य सभा के सीट पर अपना व्यक्तिगत कार्यालय।
"B) An individual assistant, to be recruited as laid down by law;","बी) एक व्यक्तिगत सहायक, जैसा कानून द्वारा निर्धारित होना चाहिए।"
C) a dedicated electronic mailbox;,एक समर्पित इलेक्ट्रॉनिक मेलबॉक्स;
D) An individual page on the Assembly of the Republic's website.,डी) संसद की वेबसाइट पर एक व्यक्तिगत पृष्ठ।
"3 – Every public entity is subject to the general duty of cooperation with Members of the assembly of the Republic, both in the exercise of their functions and because of them.","3 - प्रत्येक सार्वजनिक एकाधिकारी को संसद के सदस्यों के साथ सहयोग का सामान्य कर्तव्य है, उनके कार्यों के प्रयोग में और उनके कारण।"
4 – Departments and services that belong to or are dependent on the central administration,4 - केंद्रीय प्रशासन के अधीन या इसके निर्भर विभाग और सेवाएँ।
"Must furnish Members of the Assembly of the Republic with the conditions required for the exercise of their mandates, particularly by supplying such items, information and official","संसद के सदस्यों को अपने कार्यकाल के लिए आवश्यक स्थितियों को पूरा करना होगा, विशेष रूप से इस द्वारा कि उन्हें ऐसी वस्तुएं, जानकारी और आधिकारिक सामग्री प्रदान करनी चाहिए।"
"Publications as are requested and, whenever possible, by providing facilities for working meetings, on condition that this does not affect the operation of the department or service itself.","प्रकाशन जितना संभव हो, उसे अनुरोध किया जाता है, और कार्य सम्मेलनों के लिए सुविधाएं प्रदान करके, यहाँ तक कि यह विभाग या सेवा के संचालन पर प्रभाव न पड़े।"
"5 – When so asked by Members of the Assembly of the Republic, civil governments must provide","5 - जब संसद के सदस्यों द्वारा ऐसा अनुरोध किया जाता है, तो सिविल सरकारों को प्रदान करना चाहिए।"
Appropriate facilities that enable the Members to have direct contact with the media and with the citizens from their constituencies.,सही सुविधाएं जो सदस्यों को मीडिया और अपने चुनावी क्षेत्र के नागरिकों के साथ सीधा संपर्क बनाने की सुविधा प्रदान करती है।
6 – In the exercise of their functions Members of the Assembly of the Republic have the right to,6 - गणराज्य सभा के सदस्यों के कार्यों का ब्यौरा करते समय उन्हें अधिकार है।
"Use postal services and telecommunications systems free of charge, as well as to the use of the","डाक सेवाओं और दूरसंचार प्रणालियों का मुफ्त उपयोग करें, साथ ही कि उपयोग करें"
Parliamentary it network and other electronic information networks.,संसदीय इसका नेटवर्क और अन्य इलेक्ट्रॉनिक सूचना नेटवर्क।
"7 – Members of the Assembly of the Republic shall be ensured the use of toll ‐ free lines,",संसद के सदस्यों को टोल-मुक्त लाइनों का उपयोग सुनिश्चित किया जाएगा।
Automatic information systems and other forms of publicising their parliamentary activities and,स्वचालित सूचना प्रणालियाँ और अन्य प्रकार के सार्वजनिक विज्ञापन करना उनकी संसदीय गतिविधियों को।
"Contacting electors, both at the central level and in their constituencies.",चुनावक्षेत्रों में और केंद्रीय स्तर पर चुनावायों से संपर्क करना।
8 – The terms and conditions governing the use of each means of communication shall be set by the competent organs of the Assembly of the Republic.,8 - प्रत्येक संचार के उपयोग के शर्तों और नियमों को संसद के प्राधिकरण निर्धारित करेगा।
7,सात
Article 13 compensation for damages,धारा 13 क्षतिपूर्ति के लिए मुआवजा
"1 – Members of the Assembly of the Republic who, in the exercise of their functions or because","1 - विधान सभा के सदस्य जो, अपने कार्यों का प्रयोग करते हुए या क्योंकि"
"Of them, are victims of acts that imply an offence against their life, physical or moral integrity, freedom or assets have the right to fair compensation.","उनमें से, जिन्हें उनकी जीवन, शारीरिक या मानसिक पूर्णता, स्वतंत्रता या संपत्ति के खिलाफ अपराध का संकेत है, उनका अधिकार न्यायसंगत मुआवजा पाने का है।"
2 – The facts which justify that compensation shall be the object of an inquiry to be ordered by,"२ - तथ्य जो यह साबित करते हैं कि मुआवजा जांच का विषय होना चाहिए, जिसे किसी द्वारा आदेशित किया जाए।"
"The President of the Assembly of the Republic, who shall decide whether to award the compensation and the amount thereof, save if and to the extent that the damages are covered by other means.","जनसभा के अध्यक्ष, जो निर्धारित करेगा कि क्षतिपूर्ति देनी चाहिए और उसकी राशि, जब तक कि क्षति अन्य साधनों द्वारा कवर नहीं की गई हैं, उस समय तक।"
Article 14 duties of Members of the Assembly of the Republic,प्रतिनिधि सभा के सदस्यों के कर्तव्यों के आलेख 14
1 – Members of the Assembly of the Republic have the following duties:,1 - गणराज्य के सदन के सदस्यों के पास निम्नलिखित कर्तव्य हैं:
"A) To take part in parliamentary work, and particularly to attend Plenary sittings and","संसदीय कार्य में भाग लेने के लिए, और विशेषकर संपूर्ण समिति बैठकों में शामिल होने के लिए"
Meetings of the committees to which they belong;,वह समितियों की मीटिंगें जिनमें वे शामिल हैं;
B) To perform the offices in the Assembly and the functions that they are elected or appointed to at the proposal of the respective parliamentary groups;,संसद में कार्यों का पारित करने और वे कार्य करने के लिए चुने या नियुक्त किए जाने पर संसदीय समूहों के प्रस्ताव पर।
C) To take part in voting;,मतदान में भाग लेने के लिए;
D) To ensure the indispensable contact with registered electors;,D) पंजीकृत मतदाताओं के साथ अनिवार्य संपर्क सुनिश्चित करने के लिए;
E) To respect the dignity of the Assembly of the Republic and its Members;,संसद और उसके सदस्यों की मर्यादा का सम्मान करना।
F) To comply with the Rules of Procedure of the Assembly of the Republic.,एफ) गणराज्य सभा के नियम-विधि का पालन करने के लिए।
"2 – The exercise of any other activities, when legally permissible, may not prejudice the regular","2 - किसी भी अन्य गतिविधियों का प्रयास, जब यह कानूनी रूप से संभव हो, नियमितता को हानि पहुंचा सकता है।"
Fulfilment of the duties provided for in the previous paragraph.,पिछले अनुच्छेद में दिए गए कर्तव्यों का पूरा करना।
Article 15 rights of Members of the Assembly of the Republic,संसद के सदस्यों के 15वें अनुच्छेद के अधिकार
"1 – Members of the Assembly of the Republic's absences from official acts or procedures unrelated to the Assembly, due to Assembly sittings, meetings or missions, shall be sufficient","1 - संसद के सदस्यों की अनुपस्थिति, संसद की बैठकों, मीटिंगों या मिशनों के कारण संसद से संबंधित आधिकारिक कार्यों या प्रक्रियाओं से अनुबंधित हो, वह पर्याप्त होगी।"
"Reason to postpone the said acts or procedures without cost to the Members, but these grounds","सदस्यों के बिना कोई लागत या विलंब के बिना उक्त कर्मों या प्रक्रियाओं को स्थगित करने का कारण, लेकिन ये कारण"
May not be invoked more than once in relation to each act or procedure.,प्रत्येक क्रिया या प्रक्रिया के संबंध में एक से अधिक बार आह्वान नहीं किया जा सकता।
2 – Members of the Assembly of the Republic who attend any officially recognised course at any level of education shall be subject to the most favourable of all the different regimes with regard,"2 - संसद के सदस्य जो किसी भी स्तर के शिक्षा में कोई भी पहचानी जाने वाली पाठ्यक्रम में उपस्थित हों, उन पर सभी विभिन्न नीतियों के सबसे अनुकूल किया जाएगा।"
"To classes, examinations and the taking of other academic and scientific tests that are provided","कक्षाओं, परीक्षाओं और अन्य शैक्षिक और वैज्ञानिक परीक्षणों के लिए।"
For in relation to other situations.,दूसरी स्थितियों के संदर्भ में।
3 – Members of the Assembly of the Republic also enjoy the following rights:,3 - संसद के सदस्यों को निम्नलिखित अधिकार भी प्राप्त होते हैं:
"A) postponement of military service, civic service and civil mobilisation;","सैन्य सेवा, नागrik सेवा और नागrik संगठन का अविलंब."
"B) Free transit, which is deemed to mean free passage in public places to which access is restricted, upon display of the Member of the Assembly of the Republic's identity card;","बी) मुफ्त ट्रांजिट, जिसे सार्वजनिक स्थानों में मुक्त पासेज का मतलब माना जाता है जिसमें पहुंच प्रतिबंधित है, जब गणराज्य सभा के सदस्य की पहचान पत्र प्रदर्शित किया जाए।"
"C) a diplomatic passport per legislature, to be renewed in each legislative session;","सी) प्रति विधायिका एक कूटनीतिक पासपोर्ट, प्रत्येक विधायिका सत्र में नवीनीकृत किया जाना।"
"D) a Member of the Assembly of the Republic's identity card, the model for and issue of","संसद के सदस्य की पहचान पत्र, मानचित्र और जारी करने का मॉडल"
Which shall be determined by order of the President of the Assembly; 11 11 The model and issuance of the Member of the Assembly of the Republic's identity card were laid down in Order no.,जो विधानसभा के अध्यक्ष के आदेश के अनुसार निर्धारित किया जाएगा; 11 विधानसभा के सदस्य की पहचान पत्र की मॉडल और जारी करने की व्यवस्था आदेश संख्या में की गई थी।
"94/XI of the President of the Assembly of the Republic, published in Series II ‐ e of the Journal 8","संसद के अध्यक्ष की 94/ XI की अधिसूचना, जो जर्नल 8 के श्रृंखला II - e में प्रकाशित हुई।"
E) The remunerations and allowances laid down by law;,कानून द्वारा निर्धारित वेतन और भत्ते।
F) The rights provided for in the legislation governing the protection of maternity and,गर्भावस्था और
"Paternity; g) The right to use and carry a firearm, in accordance with paragraph (7);",पितृत्व; ग) अधिनियम (7) के अनुसार एक फायरआर्म का उपयोग और ले जाने का अधिकार।
H) Priority in reservations for travel on public air transport companies during periods in,H) सार्वजनिक हवाई परिवहन कंपनियों पर यात्रा के लिए रिजर्वेशन में प्राथमिकता।
"Which the Assembly is in full session, or for reasons related to the performance of their","जिसमें सभा पूर्ण सत्र में हो, या उनके प्रदर्शन से संबंधित कारणों के लिए"
Mandate.,आदेश।
4 – In addition to the Member of the Assembly of the Republic's name and signature and the,"4 - सदन के सदस्य के नाम और हस्ताक्षर के अतिरिक्त, और"
"Signature of the President of the Assembly, the Member's identity card shall include the validity","सभा के अध्यक्ष के हस्ताक्षर, सदस्य की पहचान पत्र में वैधता शामिल होगी।"
"Date determined by the Member's term of office, together with the number of his national identity card or citizen's card.","सदस्य की कार्यकाल के आधार पर तिथि, साथ ही उसके राष्ट्रीय पहचान पत्र या नागरिक कार्ड की संख्या।"
5 – The integrated circuit of the Member of the Assembly of the Republic's identity card shall,5 - सदन के सदस्य की पहचान पत्र का एकीकृत सर्किट होगा।
"Include the software for electronic voting, together with the qualified certificate for electronic signature, and other elements that are indispensable to any new software that may be incorporated into it.","इसमें इलेक्ट्रॉनिक वोटिंग के लिए सॉफ़्टवेयर, इलेक्ट्रॉनिक हस्ताक्षर के लिए योग्य प्रमाणपत्र, और अन्य तत्व शामिल हैं जो उसमें शामिल किए जाने वाले किसी भी नए सॉफ़्टवेयर के लिए अनिवार्य हैं।"
"6 – When a Member of the Assembly of the Republic's term of office ends or is suspended, his","6 - जब संसद के सदस्य का कार्यकाल समाप्त होता है या निलंबित किया जाता है, तब उसकी"
Diplomatic passport and Member's identity card must immediately be returned to the President of the Assembly.,राजनयिक पासपोर्ट और सदस्य की पहचान पत्र को तुरंत सभा के अध्यक्ष को वापस कर देना चाहिए।
"7 – For the purposes of the rules governing the possession of, permits for, and the use and carriage of firearms and their munitions, Members of the Assembly of the Republic are subject","7 - नियमों के उद्देश्यों के लिए जिनमें बंदूकों और उनके गोला धारण के नियमों, परमिट्स और उनके उपयोग और वाहन होते हैं, गणराज्य सभा के सदस्यों के लिए लागू हैं।"
To the provisions of Article 5 of Law no.,कानून संख्या 5 के प्रावधानों के लिए।
5/2006 of 23 February 2006.,२३ फरवरी २००६ का ५/२००६।
"Article 16 allowances 1 – In the exercise of their functions and because of them, Members of the Assembly of the","राज्यसभा के सदस्यों को उनके कार्यों के प्रयोग में और उनके कारण, लाभ 16 भत्ते 1 -।"
Republic have the right to the following allowances:,गणराज्य को निम्नलिखित छूटों का अधिकार है:
A) Travel allowances during the Assembly of the Republic's parliamentary term;,गणराज्य संसद की सत्र के दौरान यात्रा भत्ता;
"B) Allowances in support of political work throughout the national territory, in",B) राष्ट्रीय क्षेत्र में राजनीतिक कार्य का समर्थन करने के लिए भत्ते।
Accordance with Article 152 (2) of the Constitution of the Portuguese Republic; C) Travel allowances for political work in constituencies.,पुर्तगाल गणराज्य के संविधान के अनुच्छेद 152 (2) के अनुसार; सी) मतदाता क्षेत्रों में राजनीतिक कार्य के लिए यात्रा भत्ते।
2 – The allowance provided for in Article 16 (1) (a) shall include an allowance for travel expenses,2 - धारा 16 (1) (ए) में प्रदान की गई भत्ता में यात्रा व्यय के लिए भत्ता शामिल होगा।
And other expense allowances.,और अन्य व्यय भत्ते।
Its allocation shall be dependent on the submission of proof of execution.,इसकी आवंटन करने की प्रक्रिया प्रमाणित करने पर निर्भर करेगी।
3 – The allowance provided for in Article 16 (1) (b) shall be determined as an overall annual amount and processed on a monthly basis.,3 - धारा 16 (1) (बी) में प्रदान की गई भत्ता एक सालाना राशि के रूप में निर्धारित की जाएगी और मासिक आधार पर प्रसंस्कृत की जाएगी।
4 – The allowance provided for in Article 16 (1) (c) shall be allocated to those Members of the assembly of the Republic with funds subject to personal income tax.,4 - धनयोजना अनुच्छेद 16 (1) (सी) में प्रदान की गई अनुमति वह विधानसभा के सदस्यों को सौंपी जाएगी जिनके पास व्यक्तिगत आयकर पर धनराशि हो।
"Of the Assembly of the Republic, no.","गणराज्य की सभा का, कोई नहीं।"
5 of 7 December 2010.,५ से ७ दिसंबर २०१०।
"However, the Assembly of the Republic's certifying Entity (ECAR) was extinguished.","हालांकि, विधान सभा की प्रमाणित करने वाली संस्था (ईसीएआर) नष्ट हो गई थी।"
"It was replaced by the Assembly of the Republic's Registration entity (ERAR) and, therefore, this order is outdated.","यह संस्थान गणराज्य सभा के पंजीकरण एकार्य (ईआरएआर) द्वारा बदल दिया गया था और, इसलिए, यह आदेश पुराना है।"
"9 5 – In the following situations arising from specific parliamentary activities, Members of the","9 5 - निर्दिष्ट संसदीय गतिविधियों से उत्पन्न निम्नलिखित परिस्थितियों में, सदस्यों को"
Assembly of the Republic shall be entitled to allowances for travel and accommodation,संसद को यात्रा और आवास के लिए भत्ते दिए जाएंगे।
"Expenses, as well as other expense allowances, subject to authorisation and proof of execution: a) Travel for political work in the case of Members who are elected for the emigrant constituencies;","व्यय, साथ ही अन्य व्यय भत्ते, अधिकृति और क्रियान्वयन के प्रमाण के अधीन: ए) प्रवास राजनीतिक कार्य के लिए सदस्यों के लिए जो प्रवासी मतदाता क्षेत्रों के लिए चुने गए हैं;"
B) Travel for institutional representation of the Assembly of the Republic; C) Travel by delegations to international bodies of which the Assembly of the Republic is,बी) संस्थानिक प्रतिनिधित्व के लिए विधान सभा की यात्रा; सी) यात्रा अंतरराष्ट्रीय संगठनों में संदूर्ण के लिए विधान सभा द्वारा।
"A member, and to parliamentary missions abroad.","एक सदस्य, और विदेश में संसदीय मिशनों के लिए।"
6 – The allowance scheme provided for in this Statute is implemented and complemented by a,इस धारा में प्रदान की गई भत्ता योजना को किया जाता है और उसे पूरा किया जाता है।
"Resolution of the Assembly of the Republic and corresponds, for all legal intents and purposes,",संसद का संकल्पन और सभी कानूनी उद्देश्यों के लिए सम्मत है।
To a special scheme resulting from the constitutional nature of the parliamentary mandate.,संवैधानिक स्वरूप के पार्लियामेंटरी जिम्मेदारी के परिणामस्वरूप एक विशेष योजना के लिए।
7 – The resolution provided for in the foregoing paragraph also regulates the terms and,7 - पूर्व अनुच्छेद में प्रदान किये गए संकल्प ने भी शर्तें और
Conditions governing the use of official vehicles by Members of the Assembly of the Republic,संसद के सदस्यों द्वारा आधिकारिक वाहनों का उपयोग करने की शर्तें।
Due to their position or parliamentary mission.,उनकी स्थिति या संसदीय मिशन के कारण।
Article 16 ‐ a expense allowances,अनुच्छेद 16 - व्यय भत्ते
1 – The expense allowances provided for in Article 16 (2) shall be those laid down in the following,"1 - धनखर्च भत्ते जो धारा 16 (2) में प्रदान किए गए हैं, वे निम्नलिखित में निर्धारित किए गए होंगे।"
"Paragraphs, without prejudice to other regulatory rules governing allowance discipline.",अनुमति अनुशासन को नियंत्रित करने वाले अन्य विनियामक नियमों के प्रभाव से परिपूर्ण होते हुए।
"2 – Members of the Assembly of the Republic residing outside the municipalities of Lisbon,",2 - विधानसभा के सदस्य जो लिस्बन के नगरपालिकाओं के बाहर निवास करते हैं।
"Odivelas shall be entitled to expense allowances established for members of the Government,",ओडीवेलास को सरकार के सदस्यों के लिए स्थापित व्यय भत्तों का हक होगा।
"Paid per each day of attendance of plenary sittings, committees or other meetings convened by the President of the Assembly of the Republic and two additional days per week.","संसद के सभासद के द्वारा बुलाए गए संपूर्ण बैठकों, समितियों या अन्य बैठकों के प्रत्येक दिन के उपस्थिति के लिए प्रतिदिन भुगतान किया जाता है और प्रति सप्ताह और दो अतिरिक्त दिन।"
"3 – Members of the Assembly of the Republic who reside in the municipalities of Lisbon, Oeiras,","3 - विधान सभा के सदस्य जो लिस्बन, ओएरास के नगर पालिकाओं में निवास करते हैं।"
"Cascais, Loures, Sintra, Vila franca de Xira, Almada, Seixal, Barreiro, Amadora and Odivelas shall be entitled to a third of the expense allowances established in the foregoing paragraph.","कासकैस, लूरेस, सिंट्रा, विला फ्रांका डे शीरा, अलमाडा, सेक्सल, बारीरो, आमाडोरा और ओदिवेलस को पूर्ववर्ती अनुच्छेद में स्थापित व्यय भत्तों का तीसरा हिस्सा होगा।"
"Article 16 ‐ b actual residence 1 – The actual residence of a Member of the Assembly of the Republic, which is relevant for","अनुच्छेद 16 - ब वास्तविक निवास 1 - गणराज्य सभा के सदस्य का वास्तविक निवास, जो कि महत्वपूर्ण है"
"Determining allowances, shall be his/her place of habitual residence in accordance with the","भत्तों का निर्धारण, उसकी/उसके स्थायी निवास की स्थिति के अनुसार होगा।"
Address recorded in the information contained in the citizen's card integrated circuit.,नागरिक कार्ड एकीकृत सर्किट में शामिल जानकारी में दर्ज पता।
2 – The relevant residence for the purpose of determining allowances allocated to Members,2 - सदस्यों को देने के लिए निर्धारित भत्ते का निर्धारण करने के लिए प्रासंगिक निवास।
"Who are elected for the emigrant constituencies, if located outside the Portuguese territory shall",अगर वे पुर्तगाली क्षेत्र के बाहर स्थित हैं तो प्रवासी मतदाता संसदीय क्षेत्रों के लिए कौन चुने जाते हैं?
"Be, during the whole mandate, the Member's stable residence on the date of the election, after",चुनाव की तारीख पर सदस्य का स्थायी निवास हो।
Certification by the relevant consular services.,संबंधित कंस्यूलर सेवाओं द्वारा प्रमाणपत्र।
"For this purpose, determining a different domicile for personal income tax purposes is irrelevant.","इस उद्देश्य के लिए, व्यक्तिगत आयकर के उद्देश्यों के लिए एक अलग निवास स्थान निर्धारित करना अनर्थक है।"
3 – Members of the Assembly of the Republic who are elected for constituencies in Portuguese,विधान सभा के सदस्य - जो पुर्तगाली में निर्वाचन क्षेत्रों के लिए चुने जाते हैं
Territory and who are residing abroad must choose a domicile within Portuguese territory for the purpose of allocating and processing allowances.,"प्रदेश और वे व्यक्ति जो विदेश में रह रहे हैं, को भत्तों का आवंटन और प्रोसेसिंग के उद्देश्य के लिए पुर्तगाली भूमि में एक निवास स्थान का चयन करना होगा।"
10,१०
Article 16 ‐ C,अनुच्छेद 16 - सी
Insurance and assistance 1 – When Members of the Assembly of the Republic are on official missions abroad they shall be entitled to life insurance in an amount to be set by the Board of Administration of the assembly.,बीमा और सहायता 1 - जब गणराज्य सभा के सदस्य स्वाधीन मिशन पर विदेश में होते हैं तो उन्हें जीवन बीमा का अधिकार होगा जिसकी रकम सभा के प्रशासन मंडल द्वारा निर्धारित की जाएगी।
"2 – Subject to a favourable written opinion from the Board of Administration of the Assembly,","2 - सभी के लिखित सुझाव पर निर्भर करेगा, सभा के प्रशासन मंडल की अनुमति के अधीन।"
The Assembly of the Republic may take out an insurance policy that covers the travel risks that,संसद का सभा यात्रा के जोखिम को कवर करने वाला एक बीमा पॉलिसी निकाल सकता है।
Members run in Portugal or as may arise from missions abroad.,सदस्य पुर्तगाल में चलाते हैं या विदेशी मिशनों से उत्पन्न हो सकते हैं।
3 – When Members of the Assembly of the Republic are on official journeys or journeys which,3 - जब गणराज्य सभा के सदस्य सरकारी यात्राओं या यात्राओं पर हों।
"The Conference of leaders deems to be of parliamentary interest, the Assembly shall bear the costs of any emergency medical assistance.","नेताओं की सम्मेलन को संसदीय महत्व माना जाता है, असेम्बली को किसी भी आपातकालीन चिकित्सा सहायता के खर्च का भुगतान करना होगा।"
Article 17,अनुच्छेद 17
Use of postal and communications services revoked.,डाक और संचार सेवाओं का उपयोग रद्द कर दिया गया।
Article 18,अनुच्छेद 18
Social security regime 1 – Members of the Assembly of the Republic shall enjoy the benefits of the general social security regime.,सामान्य सामाजिक सुरक्षा व्यवस्था 1 - गणराज्य सभा के सदस्य सामान्य सामाजिक सुरक्षा व्यवस्था के लाभ उठाएंगे।
"2 – In cases in which Members of the Assembly of the Republic opt for the social security regime applicable to their profession, the Assembly of the Republic shall bear the costs that would otherwise be borne by the employer.","2 - जिन मामलों में संसद के सदस्य अपने पेशे के लिए लागू सामाजिक सुरक्षा व्यवस्था का चयन करते हैं, उनके द्वारा जो खर्च किए जाना चाहिए, उसका उचित भुगतान करेगी संसद।"
Article 19,अनुच्छेद 19  (Article 19)
Guarantees with regard to work and social benefits,काम और सामाजिक लाभों के संबंध में गारंटी
"1 – In the exercise of their functions and because of them, Members of the Assembly of the Republic have the right to the following allowances:","1 - नियमों के अनुसार और उनके कारण, गणराज्य सभा के सदस्यों को निम्नलिखित भत्ते का अधिकार है:"
A) Travel allowances during the Assembly of the Republic's parliamentary term;,गणराज्य सभा की संसदीय कार्यकाल के दौरान यात्रा भत्ता;
"B) Allowances in support of political work throughout the national territory, in",B) राष्ट्रीय क्षेत्र में राजनीतिक कार्य के समर्थन में भत्ते।
Accordance with Article 152 (2) of the Constitution of the Portuguese Republic;,पुर्तगाल गणराज्य के संविधान के अनुच्छेद 152 (2) के अनुसार।
C) Travel allowances for political work in constituencies.,सी) चुनावी क्षेत्रों में राजनीतिक कार्य के लिए यात्रा भत्ता।
2 – The allowance provided for in Article 16 (1) (a) shall include an allowance for travel expenses,2 - धारा 16 (1) (ए) में प्रदान की जाने वाली भत्ता में यात्रा खर्च के लिए भी भत्ता शामिल होगा।
And other expense allowances.,और अन्य व्यय भत्ते।
Its allocation shall be dependent on the submission of proof of execution.,इसका आवंटन क्रियान्वयन के सबूत सबमिशन पर निर्भर करेगा।
3 – The allowance provided for in Article 16 (1) (b) shall be determined as an overall annual amount and processed on a monthly basis.,माध्यमिक शिक्षा योजना 2000 के अनुच्छेद 16 (1) (बी) में प्रदान की गई भत्ता एक सालाना राशि के रूप में निर्धारित की जाएगी और मासिक आधार पर प्रसंस्कृत की जाएगी।
4 – The allowance provided for in Article 16 (1) (c) shall be allocated to those Members of the assembly of the Republic with funds subject to personal income tax.,4 - धन 16 (1) (क) में प्रदान की गई भत्ता वह विधान सभा के सदस्यों को नियत व्यक्तिगत आयकर परिस्थितियों के अधीन धनराशि के साथ समर्पित की जाएगी।
"Of the Assembly of the Republic, no.","संसद का, कोई नहीं।"
5 of 7 December 2010.,५ से ७ दिसंबर २०१०।
"However, the Assembly of the Republic's certifying Entity (ECAR) was extinguished.","हालांकि, गणराज्य सभा की प्रमाणित संस्था (ईसीएआर) को समाप्त कर दिया गया था।"
"It was replaced by the Assembly of the Republic's Registration entity (ERAR) and, therefore, this order is outdated.","यह संसद के पंजीकरण संस्थान (ERAR) द्वारा बदल दिया गया था और, इसलिए, यह आदेश पुराना हो गया है।"
9,नौ
"5 – In the following situations arising from specific parliamentary activities, Members of the","5 - विशिष्ट संसदीय गतिविधियों से उत्पन्न निम्नलिखित परिस्थितियों में, सदस्यों की"
Assembly of the Republic shall be entitled to allowances for travel and accommodation,संसद को यात्रा और आवास के लिए भत्ते दिए जाएंगे।
"Expenses, as well as other expense allowances, subject to authorisation and proof of execution: a) Travel for political work in the case of Members who are elected for the emigrant constituencies;","व्यय, साथ ही अन्य व्यय भत्तों को अधिकृति और क्रियान्वयन के प्रमाण के अधीन रखा गया है: ए) प्रवास राजनीतिक कार्य के लिए जो सदस्य विदेशी क्षेत्रों के लिए निर्वाचित होते हैं के मामले में।"
B) Travel for institutional representation of the Assembly of the Republic;,विधान सभा की संस्थागत प्रतिनिधित्व के लिए यात्रा।
"C) Travel by delegations to international bodies of which the Assembly of the Republic is a member, and to parliamentary missions abroad.","सी) विश्व के आंतर्राष्ट्रीय संगठनों के पास यात्रा, जिनमें संसद की सभा सदस्य है, और विदेशी सांसदीय मिशनों के लिए।"
6 – The allowance scheme provided for in this Statute is implemented and complemented by a,6 - इस संविधान में प्रदान की गई भत्ता योजना को क्रियान्वित किया जाता है और उसे पूरा करने के लिए कुछ
"Resolution of the Assembly of the Republic and corresponds, for all legal intents and purposes,","संसद की संकल्पना और उसका समाधान, सभी कानूनी उद्देश्यों और उद्देश्यों के लिए संबंधित है।"
7 – The resolution provided for in the foregoing paragraph also regulates the terms and conditions governing the use of official vehicles by Members of the Assembly of the Republic due to their position or parliamentary mission.,7 - पिछले अनुच्छेद में प्रदान किए गए संकल्पना द्वारा संसद के सदस्यों द्वारा आधिकारिक वाहनों का उपयोग करने के लिए शर्तों और स्थितियों को भी नियंत्रित करता है जो उनके पद या संसदीय मिशन के कारण गणराज्य सभा के सदस्यों द्वारा।
Article 16 ‐ a expense allowances,अनुच्छेद 16 - व्यय भत्ते
1 – The expense allowances provided for in Article 16 (2) shall be those laid down in the following,1 - धनखर्च भत्ता धारा 16 (2) में प्रावधानित वही होंगे जो निम्नलिखित में निर्धारित किए गए हैं।
"Paragraphs, without prejudice to other regulatory rules governing allowance discipline.",अनुमति नियमों को विधियों के नियम के बिना अनुशासन को नियंत्रित करने के लिए।
"2 – Members of the Assembly of the Republic residing outside the municipalities of Lisbon,",2 - लिस्बन के नगरपालिकाओं के बाहर निवास करने वाले गणराज्य सभा के सदस्य।
"Odivelas shall be entitled to expense allowances established for members of the Government,",ओडिवेलास सरकार के सदस्यों के लिए स्थापित व्यय भत्तों का अधिकारी होगा।
"Paid per each day of attendance of plenary sittings, committees or other meetings convened by the President of the Assembly of the Republic and two additional days per week.",विधानसभा के अध्यक्ष द्वारा बुलाई गई पूर्ण समितियों या अन्य बैठकों में उपस्थिति के प्रत्येक दिन के लिए भुगतान किया जाता है और प्रति सप्ताह दो अतिरिक्त दिन।
"3 – Members of the Assembly of the Republic who reside in the municipalities of Lisbon, Oeiras,","3 - लिस्बन, ओयरास सहित गणराज्य सभा के सदस्य जो नगरपालिकाओं में निवास करते हैं।"
"Cascais, Loures, Sintra, Vila franca de Xira, Almada, Seixal, Barreiro, Amadora and Odivelas shall be entitled to a third of the expense allowances established in the foregoing paragraph.","कासकैस, लोरेस, सिंट्रा, विला फ्रांका डे शीरा, अलमाडा, सेक्सल, बारेरो, अमाडोरा और ओडिवेलास को पूर्व अनुच्छेद में स्थापित व्यय भत्तों का तीसरा हिस्सा हकदार होगा।"
Article 16 ‐ b actual residence,अनुच्छेद 16 - ब वास्थित निवास
"1 – The actual residence of a Member of the Assembly of the Republic, which is relevant for","1 - संसद के सदस्य का वास्थान, जो महत्वपूर्ण है, वास्थानिक है।"
"Determining allowances, shall be his/her place of habitual residence in accordance with the","भत्तों की निर्धारण, उसके/उसकी सामान्य निवास स्थान के अनुसार होगा।"
Address recorded in the information contained in the citizen's card integrated circuit.,नागरिक कार्ड एकीकृत सर्किट में शामिल जानकारी में रजिस्टर्ड पता।
2 – The relevant residence for the purpose of determining allowances allocated to Members,2 - सदस्यों को आवंटित भत्तों की निर्धारण के उद्देश्य से संबंधित निवास
"Who are elected for the emigrant constituencies, if located outside the Portuguese territory shall be, during the whole mandate, the Member's stable residence on the date of the election, after certification by the relevant consular services.","जो व्यक्ति प्रवासी निर्वाचन क्षेत्रों के लिए चुने जाते हैं, अगर पुर्तगाल के क्षेत्र के बाहर स्थित हैं, तो पूरे कार्यकाल के दौरान, चुनाव की तारीख पर सदस्य का स्थायी निवास होगा, संबंधित कंसलर सेवाओं द्वारा प्रमाणित करने के बाद।"
"For this purpose, determining a different domicile","इस उद्देश्य के लिए, एक अलग निवासस्थान निर्धारित करना।"
For personal income tax purposes is irrelevant.,व्यक्तिगत आयकर के उद्देश्यों के लिए अमायनी है।
3 – Members of the Assembly of the Republic who are elected for constituencies in Portuguese,3 - विधान सभा के सदस्य जो पुर्तगाली में चुने गए हैं।
Territory and who are residing abroad must choose a domicile within Portuguese territory for the purpose of allocating and processing allowances.,"प्रदेश और वे जो विदेश में निवास कर रहे हैं, को पोर्चुगीज़ क्षेत्र में एक स्थायी निवास का चयन करना चाहिए जिसका उद्देश्य भत्तों का आवंटन और प्रसंस्करण करना है।"
10 Article 16 ‐ C insurance and assistance,१० अनुच्छेद १६ - सी बीमा और सहायता
1 – When Members of the Assembly of the Republic are on official missions abroad they shall be entitled to life insurance in an amount to be set by the Board of Administration of the assembly.,1 - जब गणराज्य सभा के सदस्य विदेश में आधिकारिक मिशन पर होते हैं तो उन्हें सभा के प्रशासन बोर्ड द्वारा तय की जाने वाली राशि में जीवन बीमा का अधिकार होगा।
"2 – Subject to a favourable written opinion from the Board of Administration of the Assembly,",2 - सभा के प्रशासन की बोर्ड से एक सकारात्मक लिखित राय के अधीन।
The Assembly of the Republic may take out an insurance policy that covers the travel risks that,संसद की सभा एक बीमा पॉलिसी ले सकती है जो यात्रा के खतरों को कवर करती है।
Members run in Portugal or as may arise from missions abroad.,सदस्य पुर्तगाल में चलते हैं या विदेश में किसी मिशन से उत्पन्न हो सकते हैं।
3 – When Members of the Assembly of the Republic are on official journeys or journeys which,3 - जब गणराज्य सभा के सदस्य आधिकारिक यात्राओं पर हों या यात्राओं पर हों जो
"The Conference of leaders deems to be of parliamentary interest, the Assembly shall bear the costs of any emergency medical assistance.","नेताओं की सम्मेलन को संसदीय महत्व माना जाता है, तो सभाना इसे किसी भी आपातकालीन चिकित्सा सहायता के खर्च का बोझ उठाना होगा।"
Article 17 use of postal and communications services revoked.,अनुच्छेद 17 पोस्टल और संचार सेवाओं का उपयोग निरस्त किया गया।
Article 18,अनुच्छेद 18
Social security regime,सामाजिक सुरक्षा प्रणाली
1 – Members of the Assembly of the Republic shall enjoy the benefits of the general social security regime.,गणराज्य सभा के सदस्य सामान्य सामाजिक सुरक्षा प्रणाली के लाभ का आनंद उठा सकते हैं।
2 – In cases in which Members of the Assembly of the Republic opt for the social security regime,2 - जिन मेंबर्स ऑफ द असेंबली ऑफ द रिपब्लिक ऑप्ट फॉर द सोशल सिक्योरिटी रेजीम के लिए मामलों में।
"Applicable to their profession, the Assembly of the Republic shall bear the costs that would otherwise be borne by the employer.",वे सभी व्यवसाय से संबंधित खर्चों की जिम्मेदारी उस कारण से संसद को उठानी चाहिए जो वर्निशक के द्वारा उठाया जाता है।
Article 19,[Translation Failed]
Guarantees with regard to work and social benefits,[Translation Failed]
1 – Members of the Assembly of the Republic may not be prejudiced in their professional,[Translation Failed]
"Assignments, social benefits or permanent employment due to the fulfilment of their mandate.",[Translation Failed]
2 – Members of the Assembly of the Republic have the right to be dispensed from all,[Translation Failed]
"Professional, public and private activities during the legislature.",[Translation Failed]
"3 – Fulfilment of the mandate shall count towards length of service for all purposes, save those",[Translation Failed]
"That presuppose the actual exercise of a profession, without prejudice to the provisions of Article 5 (4).",[Translation Failed]
"4 – In the case of a function that is temporary by law or by contract, fulfilment of a Member of the Assembly of the Republic's mandate shall suspend the counting of the respective time period.",[Translation Failed]
Article 20 incompatibilities,[Translation Failed]
"1 – The following positions and functions are incompatible with the exercise of the mandate of Member of the Assembly of the Republic: a) President of the Republic, member of the Government, and Representative of the",[Translation Failed]
Republic to an Autonomous Region;,[Translation Failed]
"11 b) Member of the Constitutional Court, the Supreme Court of Justice, the Supreme",[Translation Failed]
"Administrative Court, the Court of Audit, the Supreme Judicial Council, the Supreme",[Translation Failed]
"Council of the Administrative and Fiscal Courts, attorney General, and Ombudsman;",[Translation Failed]
C) Member of the European Parliament;,[Translation Failed]
D) Member of the self ‐ government organs of Autonomous Regions;,[Translation Failed]
"E) Ambassador, unless the Member of the Assembly of the Republic is a career Diplomat;",[Translation Failed]
F) Civil Governor and Deputy Civil Governor;,[Translation Failed]
"G) Mayor, deputy Mayor, legal substitute for the Mayor, and municipal Councillor, either",[Translation Failed]
Full ‐ or part ‐ time;,[Translation Failed]
H) Employee of the state or another public legal person;,[Translation Failed]
I) Member of the National Electoral Commission;,[Translation Failed]
J) Member of a ministerial office or legally equivalent position;,[Translation Failed]
"L) Holder of a senior international office or function, if it prevents exercise of the parliamentary mandate, and employee of an international organisation or foreign state;",[Translation Failed]
M) President and vice ‐ President of the Economic and Social Council;,[Translation Failed]
N) Member of the Media Regulatory Body;,[Translation Failed]
"O) Member of the board of directors of a public ‐ sector company, of a company with public capital or in which the state holds a majority stake, or of an autonomous public Institute.",[Translation Failed]
2 – The provisions of subparagraph (h) of the previous paragraph do not encompass the exercise,[Translation Failed]
"Without charge of higher education teaching functions, research work and other similar activities",[Translation Failed]
That are of important social interest and are recognised as such on a case ‐ by ‐ case basis by the Ethics Committee of the Assembly of the Republic.,[Translation Failed]
3 – Without prejudice to the provisions of Article 4 (1) (a) and (2) and following implementation,[Translation Failed]
"Of the provisions of Article 21 (7), the exercise of an incompatible position or function shall imply the loss of the Member of the Assembly of the Republic's seat.",[Translation Failed]
Article 21 disqualifications,[Translation Failed]
"1 – Members of the Assembly of the Republic require the Assembly's authorisation in order to be jurors, expert witnesses or witnesses.",[Translation Failed]
2 – Members of the Assembly of the Republic require the Assembly's authorisation in order to serve as arbiters in proceedings in which the state or any other public ‐ law legal person is a party.,[Translation Failed]
3 – The authorisation referred to in paragraph (1) must be requested by the competent judge or,[Translation Failed]
"By the official responsible for the committal proceedings, in the form of a document addressed to the President of the Assembly of the Republic, and the Member in question shall be heard prior to the decision as to whether to grant the authorisation.",[Translation Failed]
"4 – Members of the Assembly of the Republic may exercise other activities, on condition that",[Translation Failed]
"They are not excluded by the provisions of the following paragraphs, and they must notify the constitutional Court of the nature and details thereof.",[Translation Failed]
5 – Without prejudice to the provisions of the regimes governing incompatibilities and,[Translation Failed]
"Disqualifications set out in special laws, particularly with regard to the exercise of positions or",[Translation Failed]
"Professional activities, the following situations shall also preclude the exercise of the mandate of Member of the Assembly of the Republic: 12",[Translation Failed]
"A) Holding a position as member of a corporate organ of a public legal person, or of a",[Translation Failed]
"Company whose capital is wholly or majority held by the public sector, or of a company that holds a public service concession, with the exception of a consultative, scientific or",[Translation Failed]
Pedagogical organ or one that forms part of the autonomous institutional,[Translation Failed]
Administration;,[Translation Failed]
B) Serving as a paid expert or arbiter in any proceedings in which the state or other,[Translation Failed]
Public ‐ law legal persons are a party;,[Translation Failed]
"C) Holding a government appointment, acceptance of which has not been authorised by",[Translation Failed]
The parliamentary committee with competence for the matter in question.,[Translation Failed]
"6 – Without prejudice to the provisions of special laws, Members of the Assembly of the Republic are also precluded from accumulating the following activities with that of Member:",[Translation Failed]
"A) In the case of the direct or indirect exercise of commercial or industrial activities, with a spouse from whom the Member of the Assembly of the Republic is not judicially",[Translation Failed]
"Separated from bed and board, or for or on his own behalf or that of an entity in which",[Translation Failed]
